Date,FNX,FEX,EGBN,OSBC,HTBK,EVRG,NRIM,TBBK,VCSH,ACWI
2024-01-02,-0.00727628622986054,-0.0017745142634348898,-0.00962182018708535,-0.007124452134329329,-0.007056480509755159,0.023563253078395574,-0.006991753151041391,-0.004927449031105535,-0.0024555753895282306,-0.00854864341640793
2024-01-03,-0.025364171904723065,-0.012666920631746348,-0.05092124677550347,-0.016960151550991287,-0.023350149304501744,0.008234941129381168,-0.03362070137259909,-0.034923121967417536,-0.0006478680036384743,-0.007928692077020627
2024-01-04,-9.885471297366166e-05,-0.0013503784066044577,0.03318030088515522,0.02654288935982918,0.012473936058678081,-0.004826388335050558,-0.0071039824941407925,0.018903612908861778,-0.000777795642951884,-0.0010988504417982492
2024-01-05,0.004453378178655321,0.004733199536019805,-0.0006832040258129002,0.0019390914887444932,0.0,0.0016786710747784817,-0.0029352876071143674,-0.0029154681072398603,-0.0007787226889602872,0.0009001337998677528
2024-01-08,0.012216676157120077,0.010767024790651503,0.01094016479313531,-0.0006451761430167346,0.0010267607306337911,0.0040969622911883885,-0.021711120341785906,0.016746440350940084,0.0018181853293783856,0.011990365320404983
2024-01-09,-0.007105374283304489,-0.004327606935474182,-0.019952793604954167,-0.023240703032121113,-0.0143592506370529,0.005378278213461929,-0.010532039597228038,0.0023529451656965072,0.00038874340461481083,-0.004541801952878344
2024-01-10,0.003234959395961523,0.0013371982075971456,-0.014370737429817537,0.005948388853292297,0.005203252681254433,-0.0023980205705860236,0.008553399088739422,0.018257714140676784,0.0005182301727715277,0.0046617413800178475
2024-01-11,-0.005276417522827148,-0.001558068186718442,-0.014224735892769735,-0.015111720571843956,-0.013457657600445927,-0.013498560507649415,-0.011873355672708419,0.009733535976092389,0.0031080914805403648,-0.0004937076214666103
2024-01-12,-0.0037327725555990066,-0.0017835026958477052,-0.016594557931937315,0.0013343189274019895,-0.010493301977662517,0.009371988389353492,0.0015258679774223793,-0.022323624918664353,0.0023235525608302776,0.0020743026952338983
2024-01-16,-0.007197928421344035,-0.006030185295953894,-0.0168745841969713,-0.009993501552769679,-0.019087903427460473,-0.01838432029368542,-0.003618347500827901,-0.019200873401345908,-0.0027045626818450463,-0.008772810301275635
2024-01-17,-0.008143695488696423,-0.006403597233866409,-0.010447704783822287,0.002691852192747257,-0.0010810361459155926,-0.02024210521852088,0.0093654641508778,0.003968294415515272,-0.0021958737761517133,-0.007657000356052768
2024-01-18,0.009712454315715435,0.004748724271119054,0.008295586213265205,-0.0006710906011787587,0.007575788137965889,-0.017377830003841632,0.011172157267958616,0.003952508779080821,0.00038861783905597136,0.008718261614466982
2024-01-19,0.010412598349198277,0.011478787868132168,0.020568569607801956,0.019476145142452328,0.006444529174149727,-0.008842865339273032,0.0016852959450914806,0.026771666630288626,-0.0005175995056186933,0.010033695059055159
2024-01-22,0.011679363212971916,0.0056743906715726045,0.02235239415403778,0.028326622004264612,0.028815423026832265,-0.01149860224866417,0.021125501038013805,0.044734152550644835,0.0009062147421983191,0.0015738211668676616
2024-01-23,-0.0034923587251619592,0.00044247810554387534,-0.017204165513580727,-0.01281215630362198,-0.006224028799169945,0.0036100995872316854,-0.026364010627302314,0.002446838547390806,-0.00025880619604690125,0.0020621304251986494
2024-01-24,-0.00808039134880556,-0.004091630548376579,0.016046752412992138,0.0006489441695538556,0.009394514930234799,-0.013788949479064283,-0.00545317765649922,0.006102025690779556,-0.0005176395040066284,0.0033320612538829675
2024-01-25,0.008146215961788661,0.00932721701928041,-0.02763834845276225,-0.07286926460406029,-0.006204939897836215,0.014792343463778002,0.010776975422161383,-0.01770983795773584,0.002329782124841362,0.004004705144674547
2024-01-26,0.0031151898207522066,-0.00011017076382457969,0.008490238985825016,-0.009122783486788855,-0.04370444106205318,-0.0063899447805062515,0.002618764839737109,0.07804395446821255,-0.0010327674272835319,0.0008756141682406682
2024-01-29,0.011840028748970832,0.007701716145980919,-0.0010980503045564527,0.009206774900820669,0.0010883260430591957,0.016881101361686524,0.01660461752945186,0.036196975054415104,0.0014220573212455623,0.006609558270868954
2024-01-30,-0.0013426852043495474,0.0032754475339045186,0.012825196023309893,-0.009122783486788855,0.003260734045446023,0.0017786108934891853,-0.004037370965342069,0.038912274022619764,-0.00025819841284235867,-0.0016414641936128849
2024-01-31,-0.024298949357502098,-0.014365036630295092,-0.10311146487062028,-0.03541080045399636,-0.03683626176756549,0.0015781804918646447,-0.06891473409835536,-0.0712918103672574,0.002194879950467632,-0.012960634190784304
2024-02-01,0.010335570768624569,0.012035032928002565,-0.025413312766113694,-0.0022026540754803703,-0.02924638631928822,0.01930265739706538,0.005937099941665025,-0.029330861530683094,0.001990065850146383,0.012444820759771602
2024-02-02,0.00038963580905049255,0.004582243459307023,0.009519719504012647,-0.01766005986365915,-0.011587436251576322,-0.020289663260043223,-0.039543666224493346,0.007082134861613687,-0.0030951753677751492,0.004065011417776043
2024-02-05,-0.014218826237249904,-0.007819359070625365,-0.02993038395554115,0.0007489942046454701,-0.01406803468532869,-0.020315637679926613,-0.016796388986147992,-0.0067979586630245725,-0.0024579549678268586,-0.003855780073976356
2024-02-06,0.006026460272646528,0.003830918360157698,-0.006339894373012633,0.0067366340819254855,-0.011890555750368126,-0.00020124008351463107,-0.006875055351815762,0.0018881716561593986,0.0018153736962884803,0.005806132672292241
2024-02-07,0.00225860995963445,0.00545204959518486,-0.030199781556923377,-0.011895896898885039,-0.004890111076670922,-0.005638447735463847,-0.03209568533116269,-0.00777389458477451,-0.00025868635953008035,0.005099092801517546
2024-02-08,0.012541724814404187,0.002928030578998264,0.005263116158377601,0.0007524491543549061,0.013513551803172152,-0.015390792021213295,0.01213707850442125,0.012108313133037507,-0.0010360797659829668,-0.00019142687586926055
2024-02-09,0.00725761816335746,0.004325205809434296,0.023996574287037387,0.00902260080391426,0.007272897784608157,0.00946105714951151,0.03276225143674094,0.029556610132848604,0.00012983113837572446,0.005361428028882509
2024-02-12,0.012969569417997429,0.004845016984094563,0.03365997185934644,0.020864264868671212,0.021660397048615776,0.014058745878607004,0.009537635306516412,0.011620007822345846,0.0005182963412442287,0.001237913381961997
2024-02-13,-0.0305387432684181,-0.016393312271841376,-0.04822753357091558,-0.03649638993160731,-0.055359169522314566,-0.011653727162649785,-0.03861152460387185,-0.037387382665844404,-0.004274396630930433,-0.015883513856436604
2024-02-14,0.01790266597920498,0.012200452785747107,0.021654372335080163,0.017424330133545496,0.014962552116251526,0.0,0.08182007213922904,-0.0007019792422997551,0.002211417610093802,0.01101761707597615
2024-02-15,0.019605740062047072,0.013237079459214707,0.050869045336955576,0.02010419817997322,0.04422618124606226,0.015247121750394887,0.07049752540225596,0.023179623031804653,0.00129791952236058,0.008029767303321611
2024-02-16,-0.008294774910035274,-0.008178616816207906,-0.01371512643751327,-0.0036495819338954183,-0.015294248675260302,0.0018021167578157193,-0.06198126568305773,0.008009118261112613,-0.001814561102699619,-0.002465570605337142
2024-02-20,-0.007793902485488724,-0.005889850337386315,-0.0151329569512344,-0.008058576277864549,-0.002389270995223347,0.0029981249584631886,-0.006292799142332828,-0.010669634827381258,0.0015581196272151931,-0.002851972246097345
2024-02-21,-0.0027779516819891326,-0.0002152555966665748,-0.012873807692015626,-0.013294081274940917,-0.009580914783099304,0.00856926503399702,-0.010093182501278997,0.0004588490643926413,-0.0007781148600071175,0.0002860278383527426
2024-02-22,0.010374568350621782,0.01853229558583047,-0.007572596793924524,0.0037426801354976114,0.006045688933578708,-0.006915617524201223,0.004998191804564511,-0.00917425975184516,-0.0005190759336686224,0.01725128321644287
2024-02-23,0.006084809478968278,0.0015867885843443563,0.0033912116259064984,0.004474294774298615,-0.00480751177968286,0.006167935062787677,-0.011338736142380124,0.015277773975835407,0.0003897230335510038,0.00037467356208664704
2024-02-26,0.003496560187796094,-0.002851562406536501,-0.02323605372394011,-0.002969648964525673,-0.010869629901054334,-0.02175196589437267,-0.01207258252130261,0.015731842615299252,-0.001298071793569222,-0.0027160068970372153
2024-02-27,0.008852023999633474,0.004130959850356719,0.004325076941847916,-0.005212310012504218,0.002442102471275076,0.014756293345982385,0.0,0.010774400683648544,0.00012995448809705046,0.001972150299741182
2024-02-28,-0.002987099048762598,0.00021086482015886254,-0.006029120175294778,-0.0059880541712942215,-0.007308331712678973,-0.00816712334498726,-0.009368638505984128,-0.00843875779967107,0.0007796256127350354,-0.004217885938799237
2024-02-29,0.00973692046251573,0.005273063039490822,0.03206237409322643,0.011295311648428452,0.01717797582340852,-0.005021210169342871,0.022409548698306248,-0.00022401200198551852,0.0001300502768382117,0.0038592765711567
2024-03-01,0.005655988187194261,0.004616096208731824,-0.008816180328546142,-0.0044675591744411935,0.0012063220430915678,-0.00847803299512584,-0.024331395550768464,-0.01187273267346367,0.00259104313921088,0.00965773969613637
2024-03-04,-0.0015673808754941287,0.005430297303230303,-0.0457433169347945,0.0022438404562343806,-0.0012048685835600592,0.017711782900285966,0.011129460302590877,-0.04579461414220942,-0.0009092677690654138,-0.0014859079520044283
2024-03-05,-0.0049866482819930225,-0.005920148781394685,0.023080276856809467,0.007462650106723423,0.031363171730357076,0.007201339743971857,0.008968626953297809,-0.03943929297681514,0.0015597058273106867,-0.008091475175040164
2024-03-06,0.0038052329299214094,0.0065822303368447965,0.015184456025885584,0.004444466319509344,-0.004678186034070331,0.006554119612786069,0.005727057574026473,-0.008656900110789456,0.00038958570784308755,0.00778245328265692
2024-03-07,0.009430368616314633,0.007577307387400367,0.003846167354156549,-0.0007375388009542849,-0.0023504567403299648,0.013417590552375458,0.010779077324369224,-0.05588826287755322,0.0015568835734078856,0.010420492254614722
2024-03-08,-0.0005495157397008565,-0.004120767142213433,0.008088557180423672,0.013284271054714747,0.012956580033856469,0.01662167735571951,-0.010865231155309352,-0.03567649230119696,0.0010364862742962,-0.004880292192425473
2024-03-11,-0.004490453266338457,-0.0007239525173127204,0.007179011624789622,-0.002913413744890625,-0.0058140080614832446,0.0013577029808886643,-0.001017133186801522,0.010413736254833106,-0.0005177596776797522,-0.0020356237043054337
2024-03-12,0.0028537427751849087,0.004968962884361439,-0.032285047471271366,-0.018261523308925276,-0.015204687038942954,-0.0069727897097384695,-0.017308052254610073,-0.014103620092974278,-0.001035949455703844,0.010106564658532546
2024-03-13,0.0065172978745673404,0.0012359577775580277,-0.01299816353036587,-0.005952483083992988,-0.0023753940650882432,0.00331591786885177,-0.02486535959432923,-0.022008233030053503,-0.0005183522232095061,-0.0012850778696166243
2024-03-14,-0.01176476445541974,-0.00884772758012975,-0.045215172588578434,-0.023951997267518732,-0.03214267728841114,-0.0097202845348483,-0.007649695547490842,-0.03431778993497203,-0.001555863154753756,-0.003952206338237674
2024-03-15,-0.0005536741494124309,-0.0020759146466797773,0.01747118788547919,0.011503049440729773,0.0,0.012956512579802792,0.03875786026349126,0.0008738356451161167,-0.000389625238756075,-0.005075259610527683
2024-03-18,-0.0015696964900598909,0.0015602154010534441,-0.008585639847276894,-0.005307003055655013,-0.013530236178060817,0.003100722604286066,-0.02947829218338549,0.014842791399123367,0.0,0.004080904906334393
2024-03-19,0.006843653315194542,0.005504249105401371,-0.01731988918447358,0.016768300630180644,0.00997514367712804,0.008500807253185805,0.004885335297698523,0.004875307968166487,0.001688856290685603,0.003510142772391589
2024-03-20,0.015706759026780315,0.01043162899149408,0.04452673724555556,0.03673159470319898,0.02962941583294776,-0.008237472135259716,0.033185279833840786,0.020262530420141367,0.0015564797523948126,0.01012507594976797
2024-03-21,0.013848326489229068,0.00902510760069486,0.011101415069594722,-0.002892277500375906,0.010791369845595922,0.0003862284765512314,0.022094926417446148,-0.10153849141581073,0.00038840886691082765,0.002187022611064293
2024-03-22,-0.010541358957908198,-0.005786979059710817,-0.022397938683671348,-0.015953597830480226,-0.017793454011648002,-0.003089268070144535,-0.03602884994701305,-0.025529256603125994,0.0010358155306415817,-0.002364015254629259
2024-03-25,0.0030696149180668986,-0.000306363257995379,0.009433933529677141,-0.0036845446783715374,0.0,-0.0040675069762036165,0.009136243775857311,0.017571921974935956,-0.0007759250405008356,-0.0020051538084129295
2024-03-26,-0.001440116470917685,-0.00030645714520483036,-0.016466254168339134,-0.012574026293156404,-0.008454072179822414,-0.0027226398174873268,0.00864188812780009,0.0,-0.00012945669004116311,-0.0013698582194242581
2024-03-27,0.01802780351215194,0.010932938743382747,0.04796353841040668,0.03220960536576434,0.03897685399132378,0.03451630893578872,0.03814772465241556,0.06059649528136335,0.0020710437197191123,0.007315932293581406
2024-03-28,0.0038073228896078337,0.003031964397009368,0.01424881520834087,0.004354300479777251,0.005861658445108775,0.006220629761882535,-0.007467093605625252,-0.00947305229094153,-0.0014210523021715993,-0.00018155575316591843
2024-04-01,-0.0077621486968333375,-0.003929678462430752,-0.031928533599695275,-0.020953790180111453,-0.019813596501276454,-0.011989458945467546,-0.03405271510526886,-0.015540958517389236,-0.0021021050689223886,-0.0023608664303101934
2024-04-02,-0.01582364461889829,-0.008497860473625218,-0.021547748721903792,-0.00738003840917012,-0.009512376042769,0.005119274343425406,-0.02357024128695151,-0.015482645500770498,0.000259963317706724,-0.005915990907477631
2024-04-03,0.004606642526016946,0.0026527426639197937,-0.006741564940981326,-0.011152398802091956,-0.009603919119393733,-0.005470472124184167,0.01595299554484253,-0.02096824849758805,0.0009101672772939828,0.0023804649350276375
2024-04-04,-0.011059225059595335,-0.011498886265506547,0.012217142618085264,0.018796938069831404,-0.00969698525406093,-0.0007588484567969678,0.0051652743487011765,0.008818859190452777,0.0006492548827294886,-0.010047533383311325
2024-04-05,0.006000545555629566,0.008132695391796174,-0.006705493114904537,-0.0044279942000436945,-0.004895840444375743,-0.009111618552777645,0.009044058338734784,-0.0018732272316277498,-0.0014277315061430595,0.007842820303640252
2024-04-08,0.005422663376075443,0.0018379407613329235,0.0166516103201777,0.015567018538421795,0.014760040776849115,0.011111187891508001,-0.01690765460259247,0.009696574056943685,-0.0011699108796923152,0.0021056555338578864
2024-04-09,0.0017077927959268102,-0.0012230459548752126,0.009738776187319775,0.0,-0.003636258279429039,0.0035998114354900412,-0.004558614603020539,0.012391621468568648,0.0014313409656603326,0.0014616731466772226
2024-04-10,-0.020190254373810945,-0.012348210761506384,-0.07058299092045162,-0.022627707551294507,-0.03892949872830853,-0.024353414820660446,-0.04371371565329729,-0.0354957110336499,-0.005717499785632296,-0.011402988942257775
2024-04-11,0.00018313669078695582,-0.0006198462594421139,0.0,0.0037341484776831635,0.0025316163408888315,-0.004256943260770418,0.000653212664322167,-0.003807133169118959,0.0005225767828893613,0.0059057159602566855
2024-04-12,-0.014833851353177274,-0.01447492425625907,0.006132010786477737,-0.0014880298911739143,-0.0012626117219768362,-0.009910705594827984,-0.014574701808268586,0.0025477683018455544,0.0011756114050882616,-0.015411461617205524
2024-04-15,-0.01384882706158963,-0.009861410191797537,-0.0009375107159218521,-0.0052161936385286545,0.0012642079257227934,-0.010991102739461023,0.013465737677739842,0.013659476220730493,-0.0026095208308765105,-0.009689751605704289
2024-04-16,-0.003770139365986913,-0.003602551518262387,-0.017832022032363004,-0.0029961964005825736,-0.005050513072932361,-0.016471512134711652,-0.01786107259987524,0.011595077833094214,-0.0011776244500367739,-0.00526861574005022
2024-04-17,-0.008325327290069073,-0.0025519573391774575,-0.002441332195811885,0.009767067039502031,-0.003807129307292323,0.019572187727783907,-0.0019959560991142933,0.017348246420944013,0.0014408489578987549,-0.0036887463536579013
2024-04-18,-0.0004770779709729611,-0.0011727919903451456,0.004405250796801541,0.02232139351778195,0.006369487147007025,0.00850988025132482,0.0015555546833800893,0.010657687956603601,-0.0007846992532241082,-0.0014238814423062074
2024-04-19,0.004390587965980686,0.00021340208346987133,0.05360617727632455,0.0502184483729482,0.027848045160096868,0.015698480931244596,0.029287605500813108,0.022597168756628205,0.0003926041689548132,-0.006179273199877433
2024-04-22,0.010358253999403821,0.008750446780266596,0.008325558014356194,0.0048510285022809185,0.0024630258848179487,0.009659954247073665,-0.029747741622255908,0.01649974649233843,0.0013083454876112732,0.010139654035890011
2024-04-23,0.015519187668905143,0.009097552239042184,0.02155962642830156,0.0,0.019656051933252483,-0.00019130358529895197,0.025994262875044027,0.011594247126924806,0.0018296112482583116,0.011174218339819575
2024-04-24,0.0006483654051836485,0.00041944303554175555,-0.0013469727147074062,0.0,0.007228958881885905,0.004401844208762329,0.01710708860321586,-0.03724936948194224,-0.0009131349421677148,-0.0005618570889284191
2024-04-25,-0.0069419518851243645,-0.001467067555679713,-0.1025181260820327,-0.02214542427678856,-0.021531040176928862,-0.0011433222109749064,0.021290123655138382,-0.00565472128980371,-0.0009139695196722641,-0.0030922077230148837
2024-04-26,0.005033127790481817,0.0026235949803470326,-0.027555083374931177,-0.007077098842246943,-0.022004955153635986,-0.01392589942042799,0.02188858497373869,-0.07812034188182526,0.0005228683221167874,0.009305323877920824
2024-04-29,0.004451438326146029,0.00554732345905995,-0.023183949664136838,-0.0128296157236919,0.0024999711698034943,0.020506947012889132,-0.024887719647620488,0.010064979901623028,0.0013060600287255753,0.004377095009094889
2024-04-30,-0.02132759942429885,-0.016446306439121816,-0.024788916623696644,-0.010830435575564401,-0.009975012957575635,-0.005687194510864191,0.0,-0.037608487731904394,-0.0013043564608888891,-0.015113689515763529
2024-05-01,0.0009433872863393589,-0.0038098707527910447,0.025959951963667294,0.010219045756123535,0.023929524662228863,0.009342184103235063,0.032008459272953926,0.04442217434809792,0.0018211711304283451,-0.002635970422939282
2024-05-02,0.013949075303047787,0.007648965569096777,0.043226214088989634,0.022398759540346536,0.00984004867638033,0.011522490869910973,0.011351948652184918,0.0015989522330861483,0.0032697797180811783,0.012459824402666575
2024-05-03,0.009760303495610856,0.007063717022009808,0.012127171852055696,0.01484095024858667,0.02801448411667229,0.010270681921014102,-0.010823773053890817,0.019157100489016976,0.00286788792037429,0.010908167388066436
2024-05-06,0.014820867476325716,0.01057380918670825,0.002995616980569382,-0.007660034199959753,-0.007108861392201793,-0.0025877661412234687,0.01985830901148411,0.011591504960809518,0.0,0.009038071441467288
2024-05-07,0.0025398464592638614,0.0004143279465047556,-0.016425984850099606,-0.0035087851172350693,-0.009546616561718069,0.009080832099295444,0.000993408460512768,0.004025929071914458,0.0001301448585462328,0.000274211299392757
2024-05-08,-0.0009952010524542088,0.00020695710023077574,0.0,0.003521140041006676,0.022032018002674292,0.002203913489695619,0.014291251646767256,0.022208552170518203,-0.0002601497924051843,-0.0005483437203960273
2024-05-09,0.010234581638307372,0.00880023209261438,0.021254922843530366,0.007719163254484185,0.0023950517300648233,0.02107381559220789,0.029354204823134555,-0.002715756012234616,0.00038984886593751433,0.00603408918244952
2024-05-10,-0.0038552501332893563,0.0014366448347422622,-0.011893001638998646,0.014623985229067715,0.003584147859152731,-0.005384054538527416,-0.01615966643897826,0.001815472758732506,-0.0009096109870149194,0.0012721606417847031
2024-05-13,-0.0006299723594282991,-0.002664432553350804,0.0015044680341376182,0.0034317890817137098,-0.004761837778716527,0.005773990710994603,0.01062795862061483,0.023859888280411523,-0.00039005173837303175,0.0006354496128988529
2024-05-14,0.008195223932637274,0.0034937203540368333,0.00400608936859137,-0.0034200521839699016,-0.007177055493325146,-0.007893824773312574,0.026003977150190094,0.02094392485294283,0.0013009983274849812,0.0055328176303317544
2024-05-15,0.009379307735250864,0.010649237705084191,0.01596021807304626,0.01647229352289581,0.014457875964764888,0.006148391580525381,0.05199387773131359,-0.04738513033016034,0.0025991460600047755,0.011455836277388665
2024-05-16,-0.009203603903581103,-0.0030394949543530725,0.016200196874445405,-0.0006752614451883687,-0.0011876010043011531,0.0,-0.004251416131361374,0.013042168312258573,-0.0005184604495692691,-0.0020511277436109365
2024-05-17,0.0009824705580503412,0.0017276870524232102,0.0009661542979881865,0.008108086413441518,0.010701547164921665,0.0020546699871430985,0.0007115351313329299,0.008682547532382179,-0.0005186235702930864,0.002323592858165302
2024-05-20,0.000624575941145844,0.00030421590899742945,-0.013513395508051307,-0.015415595704079799,-0.01647065779375423,-0.00036296543866176645,-0.026133320545654315,-0.0023745330845457158,-0.00012969670135232203,0.0006240225024647383
2024-05-21,0.0005350960068895017,0.0003042024445132352,0.002935233174636176,0.004084466802645403,0.0011961862021423464,0.009802301390705814,0.0023732218971266317,0.004760483323610343,0.0005189599876660456,0.00017812122250249196
2024-05-22,-0.010695225021271626,-0.0058803543955542326,-0.009268306938662763,-0.004067851797022404,-0.007168295718305351,-0.014201041646182633,-0.0072847581423454155,-0.006810765150092046,-0.0006484428851146751,-0.004721531703484549
2024-05-23,-0.011711741921326735,-0.012238815865886044,-0.058591641533446315,-0.02586782573418911,-0.01925419420759189,-0.026075774090488557,-0.027517883829939693,-0.02355399206806852,-0.0016872360781313711,-0.006623651018102139
2024-05-24,0.009845110019260694,0.008156966596758908,-0.027719769263210847,0.005590503622344256,0.0,0.0003743665922080197,0.01565751286203132,0.003053388522781475,0.000780122057171484,0.006487547915063674
2024-05-28,-0.004242715461608149,-0.0060425606515309704,-0.040344455347744,-0.009728974460080142,0.0,-0.0031817972593274346,0.019688006268503422,-0.0012175678139403345,-0.0007795139411520546,0.0002686596446397349
2024-05-29,-0.013597984998457213,-0.01102515288193251,-0.041479586782922406,-0.018947384965258607,-0.018404744845770593,-0.012955333952771708,-0.016393526524901003,-0.03779340525953834,-0.0009099655978266341,-0.01011371533562444
2024-05-30,0.008087515865732309,0.0019793961854901454,0.02046780325608477,0.010729584586621543,0.012500016124226132,0.013696093107475438,0.044629616552503304,0.023756731303451906,0.0018218011346600171,-0.0025316509403441323
2024-05-31,0.011942691606722233,0.010814150162542058,0.033237967334389884,0.023354570901134686,0.006172656268512933,0.025708437244609472,0.03545467806608382,0.03929456898995731,0.0018180642713381268,0.006889125454324185
2024-06-03,-0.009819811692295732,-0.0061721673373080765,-0.008319660318262034,-0.022129976667221607,-0.012269829897180395,-0.006769215214449065,-0.04211603570657174,-0.024114360512398236,0.0020556544833176815,0.0019805334731561874
2024-06-04,-0.014739306861072832,-0.0051754163166365386,-0.03691287203946214,-0.019802109748605412,-0.011180190549345714,0.005341857458573518,-0.05522790384877385,-0.016473371596680164,0.0012981562823490833,-0.0013477041597181882
2024-06-05,0.010804334849888964,0.006971193169325485,0.0017423412985555498,0.0,-0.0037687587974275516,-0.014107822582626661,0.032160515843982385,0.002171206302106654,0.0007778206912956165,0.011515942967792236
2024-06-06,-0.0034715123142329274,-0.0029964605296625146,0.003478272017304551,0.007215175813001684,0.010088324813777083,-0.007433481991929836,0.005560581625272842,0.02228404133096218,0.00025917740883274476,0.0009783413969051136
2024-06-07,-0.007242478987466439,-0.002176386069771996,0.0017331658586186016,-0.005014359276198421,-0.003745361778835221,-0.00842548617969019,-0.011612853191513506,-0.016045982406426185,-0.0034968297965837225,-0.004975949680786185
2024-06-10,0.0037861516432364795,0.005608720387097144,-0.040369253828732576,-0.0028797383761506312,-0.006265672425028068,0.001699385037286838,-0.01156290620105227,-0.005538470928485584,-0.0002600194972343095,0.0029469584495900314
2024-06-11,-0.007267654895423026,-0.004751183770539069,-0.0030047773428636404,-0.0036101920640739804,-0.005044129873770231,0.004335386375988071,-0.0075471539857410175,-0.0018564781515336692,0.001430056281373604,-0.002020194001298159
2024-06-12,0.014734447429176623,0.007264299754895953,0.027727496058435053,0.023913049920976315,0.01901149735430252,-0.003002925359864017,0.01977191189326266,0.030998141724406514,0.0024665602817599552,0.009626615649978909
2024-06-13,-0.008493098801653165,-0.002575670769011884,-0.004691940479141121,-0.018400608603072244,-0.018656803582356885,-0.0030119700812040184,0.0072706371053188334,-0.004509853239665684,0.0016835772129624171,-0.0031188843203338035
2024-06-14,-0.01703967928144723,-0.008263559163048106,-0.03771365316555808,-0.01586164680383184,-0.013941729848566786,-0.004154018311556595,-0.009439110789644656,-0.010570893457154895,-0.000258430968651413,-0.0018771714501052417
2024-06-17,0.010682071720240494,0.008957394368426908,0.030006076731289744,0.016117293622708972,0.017994869693695126,-0.0022753495628491383,0.040358640967905535,0.032051376848442725,-0.00142268424171077,0.006358586550731182
2024-06-18,0.0031520746615965045,0.0037164269515224113,0.0011891442094031923,0.007930858505393656,0.005050433650499508,0.003420653881185176,0.001975574136531044,0.0032533803959320373,0.0016835772129624171,0.004093649108218189
2024-06-20,0.0012016403106316353,0.00020563242030391393,0.01425158807946536,-0.004291833834648595,-0.00879387856236058,0.0013257663538808195,-0.02061298768266262,0.008549555754187699,-0.0005171773534565771,-0.0020385484731989534
2024-06-21,-0.002400180565229504,-0.0015425272230606968,-0.011709602149191034,-0.011494268151041598,0.00633714398606644,-0.0039719564395238605,-0.0010981160956492486,0.007015541797419367,0.0001295979255917512,-0.003996432003140926
2024-06-24,0.007772825826230623,0.004737484059206931,0.031990748377422884,0.029796383617699984,0.010075553982935803,0.013482719872156546,0.01575667613275855,0.015384579609851068,0.0001292655936746545,0.0008917055615069724
2024-06-25,-0.005876442137815241,-0.0032801086029624615,-0.02181392182385833,-0.008468573703811488,-0.012468844455398753,-0.0093686097407365,-0.0057720366613067675,0.01686678560059729,-0.0002588132701693002,0.003028918198687336
2024-06-26,-0.004618112962418985,-0.004833348630600698,0.030516328899378165,0.017081944555240147,0.02777777596810016,-0.0007566105716267923,0.0072569511127376085,0.005060452817545968,-0.0009053971960772955,-0.0011546043542657314
2024-06-27,0.005185205469989684,0.002331268764550698,0.025626447617746795,0.011896421628824205,0.008599545510729945,0.007950081263202513,0.008465389230323916,0.02069934764942083,0.000776818178851002,0.0014227684328858015
2024-06-28,0.005093620370053564,0.0025842918483425237,0.049416941286468674,0.024204727217677968,0.059683315635570944,-0.00525817456801736,0.029469610666908563,0.03480396230882743,-0.00025880853807258575,-0.0019535099614133022
2024-07-01,-0.009859055308617304,-0.006186217011030726,-0.008994755426067758,0.0054017628071518775,-0.017241401806292966,-0.004908492774062578,-0.0053781326045518885,0.0037077121443054306,-0.0010903290413312172,0.0016903617706782725
2024-07-02,0.0037222849256199897,0.003942293259871388,0.014415369410075707,0.020819328707934792,0.008187109163829254,0.0015177376216370941,0.0047094860378043,0.017678051239333747,0.0018193741753163017,0.005329049152556609
2024-07-03,0.0004636500651686859,0.0007233581040368975,-0.02578943392185662,-0.026315824877386595,-0.025522100232446276,-0.0062511704443236615,-0.0006943878344519705,-0.01944516478958236,0.0024647866958933395,0.007244542131328968
2024-07-05,-0.008062319410065633,-0.0011359527520723445,-0.029173621856832366,-0.017567476698923445,-0.02142839285548659,0.006862405574633801,-0.03735240125042183,0.005288227513307486,0.0023298056516196652,0.005701254198371197
2024-07-08,0.0025222957851540606,0.0021711325686442073,0.0,-0.0013755343347139348,0.020681252988670185,0.001514653501725416,0.004331424921896421,0.02104153675508935,0.0,0.0
2024-07-09,-0.004286604469528665,-0.0008253024531796882,0.017251237813036058,0.015151451135807292,0.014302783726252377,0.006427120633871963,0.012219229043768598,0.021895890798639517,-0.00025839349781908716,-0.0002617097173176486
2024-07-10,0.010294758926818304,0.008362577741513277,0.037198985389235384,0.015603845349400514,0.018801202276766293,0.008264419413063884,0.009231267016077238,0.03503915473920616,0.0006457843180871503,0.01020677976514528
2024-07-11,0.026308595505416088,0.007576532441760486,0.07383965774957435,0.02939212399941349,0.0449826907248827,0.0178837447900404,0.058751091942081723,0.036288305259014386,0.002710355403041431,-0.0038859950066102433
2024-07-12,0.01110206108473566,0.007417889058007221,0.000982288590226199,0.007138223451044645,0.011037429281199662,0.007503720753682108,0.0011629055612538686,0.01457106799063701,0.0018019151569328429,0.007282223004724253
2024-07-15,0.007498572291126049,0.0020173533478373695,0.038273042238588184,0.026417474309434086,0.03930143696882271,-0.016893749534942715,0.02787922491263961,0.04702345795915375,-0.0006420488575747951,-0.001032853733546335
2024-07-16,0.026936195512720307,0.015300970928491697,0.06758018580745984,0.043314506697559985,0.046218486484048915,0.012010330375419764,0.07927035496317769,0.06548670430332448,0.0008996543109833777,0.0053416054190777995
2024-07-17,-0.011734318129018595,-0.007832524446770517,0.015493646391089966,0.009025246433639111,0.02510033284550528,0.009129135091625384,0.018698582638268846,0.019518243971911042,0.00012858500994483713,-0.01259749728984949
2024-07-18,-0.014143639160605792,-0.006395597755403437,-0.007410674645608961,-0.02206307175625566,-0.018608970956198845,-0.0027140303559709533,-0.024816505815651868,-0.021792255154308826,-0.0011560752613843928,-0.008505456840738557
2024-07-19,-0.0034537001745581497,-0.007140693005401655,-0.0040321765374455865,-0.002439057119585031,0.004989923035244148,0.004535693937650409,-0.0024091988723443647,0.004580496071092011,-0.0005142437922051046,-0.006565168090327034
2024-07-22,0.011552415794817472,0.006786956518999965,0.030139341687120957,0.012836031121604918,0.009930499619807742,0.0021672004237078824,0.02339618988061698,0.0304663465430699,0.00012878351095557683,0.01030937487207595
2024-07-23,0.003074855206872451,-0.0020122787645143747,0.010917039586563648,0.02474352577788519,0.02949846191686678,-0.0048657108633517465,0.03392325962650067,0.024939618530282814,0.0002572210616400561,-0.00340148225511383
2024-07-24,-0.01882995139526189,-0.014013560068611541,-0.030669465943676144,-0.013545273502764799,-0.02196753643243754,0.018109404390462824,-0.016833110795066886,-0.027668757314435077,0.00012842110112964988,-0.019690131226138607
2024-07-25,0.012496620709236073,0.0017382368140386184,0.009358186744837349,0.019701439087318473,0.04589841978539466,0.0019565706042796727,0.03685422889520362,0.0353178612905225,0.00038594340545916594,-0.005088426231113163
2024-07-26,0.014899199883507963,0.012452848215374068,-0.0022074899615847077,0.004110588396806669,-0.004668444203945077,0.007456039211223953,-0.002099086059973443,0.014424984200237523,0.0019280348942436465,0.011843899611932773
2024-07-29,-0.002084871855086212,0.0005038881053329725,-0.050884857944450856,-0.009356712927108157,-0.008442729603900467,0.008105739150897184,-0.03688096236529037,-0.029976966676523498,0.0008977963747078821,-0.0008867342614985452
2024-07-30,0.004352298559154422,0.0038292346685295797,0.010256355132991724,0.008264279969664168,-0.006622544358247939,0.008739565357400947,0.006115251477407435,0.013074482040355218,0.0005125960026655108,-0.003372690916540355
2024-07-31,0.008753723990592155,0.004416698955330034,-0.0069219627723972055,-0.009367557157788031,-0.014285634256902768,0.0050252896800988545,-0.010130367218057268,0.01368793060801532,0.0021779879814520786,0.016386124557008275
2024-08-01,-0.022080959494644503,-0.012692247836576964,-0.06319708627700238,-0.04255325253506448,-0.02318857312869005,0.030172471303973047,-0.04269000411650292,-0.04282409749553795,0.0018856286787969356,-0.017786755331334225
2024-08-02,-0.03444032569841571,-0.022674388087571162,-0.012896792522196554,-0.02839508762550791,-0.025717004044409242,0.006861843223238129,-0.026267603234789716,-0.02176537766234088,0.0049932665413394695,-0.017573618760266974
2024-08-05,-0.025841648903625836,-0.024236178781857354,-0.03869350834134799,-0.04383733651660138,-0.03451774703322108,-0.027260653612378616,-0.04516931505491739,-0.02348577190248391,-0.0015290332638567827,-0.02624173006862296
2024-08-06,0.009527384787866744,0.012737526868659144,-0.0031364744984133663,0.007308864607078025,0.00630900415265101,0.004442974499838215,-0.002135418551228674,-0.010337587820525074,-0.0015309625451636055,0.00680725578844199
2024-08-07,-0.008142208752854652,-0.006079006799231235,0.0068171280018112235,0.005936765065381211,0.001044998220774973,0.0042529978496170795,-0.008065888694603895,-0.00810064100088026,-0.0007669130387706335,-0.00185238302427837
2024-08-08,0.021082202495752878,0.020984986094804814,0.016666670087955193,0.012458969885315696,0.004232720565146897,-0.0005080528644036963,0.02273485784736473,0.016548473629152127,0.00012808910373873772,0.02106338879613112
2024-08-09,-0.0005481338842184824,0.0037180222504811233,-0.015881396827960748,-0.009067284366191197,0.001053773671426228,-0.005254310755676395,-0.00778835971475722,-0.008033849349779576,0.0006393306507610497,0.004452885138582996
2024-08-12,-0.005850157194240313,-0.005042064402458912,-0.01509613776788854,-0.000653625712594863,-0.008420993754198358,-0.00289656472173605,-0.010629625086084005,-0.019394711912295137,0.0010221722507328668,0.0007238059604981473
2024-08-13,0.014711314590819757,0.010962828480020947,0.021141707183116365,0.020928623489756104,0.013800421875270086,0.005126466431870869,0.0446281024267019,-0.007389701477749644,0.0028082837720484477,0.015369278636024664
2024-08-14,-0.0018122361067877124,0.003887523633924861,0.006211054048267606,-0.01281222366336332,-0.006282811469395244,0.005270321289702284,-0.008702465961412442,0.008320584264302155,0.000381683745608985,0.0026712366559882295
2024-08-15,0.018700054443945735,0.012024857006614598,0.01903290955642567,0.02595720341834329,0.01896749702473044,-0.008963389352346973,0.02841174276685665,0.025190007961575667,-0.002290359347853488,0.01589559784120942
2024-08-16,0.004009965153502382,0.002517335696426093,0.019687226714822037,0.009487623966524694,0.017580059104082446,0.002730373821986154,0.013192568575908226,0.03473839062597728,0.0011483751835577038,0.0034964669907155965
2024-08-19,0.007277852917310312,0.007934796859408344,0.01732660758712723,0.008771919685465868,-0.004064960329549949,0.002893321117686254,0.005974218769570383,-0.010644762728946322,0.0005091632404310431,0.010017427164148662
2024-08-20,-0.011542716044384171,-0.0043844926163192355,-0.03308996212684234,-0.014285667764268428,-0.014285950223849597,-0.007497522116689859,-0.021318731610294184,-0.0033106487905523174,0.0015278437306416315,-0.0025010904770533804
2024-08-21,0.011410084489341221,0.007106386402475406,0.005536003760820973,0.0031505030857139626,0.0020706689272258494,0.008470157470862105,0.011358503527983066,0.01743824339875988,0.0013985837324348438,0.005187598474513333
2024-08-22,-0.0014983167367150774,-0.0018883194999507191,-0.0010011121715118865,0.002512621043272878,-0.0010330898989067139,0.0006856073628775938,-0.010769237627103911,0.010610089279174728,-0.0012698784483383685,-0.00791328904736055
2024-08-23,0.021449406628671897,0.011251648341865872,0.10671354131391042,0.03508773957643685,0.03826259304029578,0.0025693519082672367,0.054743307432874255,0.05511810235249692,0.0030509467966959303,0.013525243945877063
2024-08-26,-0.0028517181038153483,-0.0006892414417210002,-0.00633778880817315,0.0030265426663407258,0.0029880394269932165,0.012643213363691341,0.00014748100684580656,-0.023918867970666446,-0.00037999082166562115,-0.003678387321539245
2024-08-27,-0.0015598943953512023,0.0009852440892057501,-0.01047835741386971,0.0,-0.0049651957147160974,-0.010460606935892458,-0.01002500604758505,-0.010194014118343864,0.000760577760550607,0.0019747053391228064
2024-08-28,-0.005034291457752249,-0.003937326932208496,0.0013812782539859292,0.015691049431364457,0.012973947263033248,0.0020459504216259194,0.004765416348270879,-0.007130136628715866,-0.00012688833376384157,-0.0054841040933028
2024-08-29,0.004710777198676519,0.003162327970003709,0.0032184764941673993,0.008912617100257592,-0.0029555566320053073,-0.001020920621921495,0.00400170224120977,0.03131856495855545,-0.00025329716147526327,0.0008617313174545949
2024-08-30,0.007814640295990438,0.009555720385794553,-0.0022915494271759096,0.002944780505210076,0.005928836857806985,0.007324188853644165,0.01815772034459906,0.013539666394768002,0.0,0.007059178113362874
2024-09-03,-0.03015427108771762,-0.018247416017143414,-0.011943100093346204,-0.0017616805406135416,0.0,0.009469000355344148,-0.015368985244825772,-0.017175601138759933,0.001309698968855244,-0.01914865135714272
2024-09-04,0.002043153058448155,-0.00019881869396443097,-0.0032542955124967854,-0.011764806669876449,-0.018664127598952085,0.00854271016092012,-0.014725281481963726,-0.03514565773380618,0.0019050343348854248,-0.0030503178749465842
2024-09-05,-0.009929121252435724,-0.007853624884901045,-0.01119398697984142,0.008928764415415458,-0.011010946751892958,0.0034878304979470975,-0.014783649325844306,0.0022137374399611165,0.001267233906644627,-0.0012238331920105816
2024-09-06,-0.01477439235985023,-0.012124326637272476,-0.01367918455484185,-0.01710915211270414,-0.020242823628321638,-0.010923511014743092,0.0006123385310858875,-0.015261010706353995,0.0013921013433473295,-0.016980397119157775
2024-09-09,0.004453355073625653,0.009534439092335756,0.006695161944413108,0.005402183392167359,0.022727136497528777,0.011378843521521631,0.008722379642605915,-0.00020395872846123986,0.0002530997854299777,0.010328606789282047
2024-09-10,-0.006605117691539153,-0.0012056222065065514,-0.003800616887575936,-0.002388172656072274,-0.007070618892253577,-0.000661785767329337,0.02184473200957493,-0.018763985148899986,0.0015166883023927102,0.0014100359921787042
2024-09-11,0.003916674189985869,0.0030178110206995346,-0.011921617052388478,-0.014362524609999316,-0.015259366250885864,-0.005298057535928158,-0.017221003422110526,-0.026605669570942903,-0.000757348105227762,0.008800503892223421
2024-09-12,0.01088729753082851,0.007020372889623205,0.006756937335692825,-0.0078931585119828,-0.002066390117418271,0.0046604585472322935,0.008157156478596495,0.015801790195079768,0.000252335706529383,0.008723663006101834
2024-09-13,0.018488582968075207,0.00975989478861905,0.034515683343134596,0.012239767968015958,0.030020905852848445,0.01159716496335772,0.03356317705186007,0.04036161437796859,0.001515055264552867,0.005016091698365921
2024-09-16,0.008547695449790282,0.008679344036840453,0.01621869712919799,0.010882637746169932,0.004020020919577538,0.015558358595366917,0.008408169082332106,0.04485749304332276,0.0006303349746805686,0.003442075437874559
2024-09-17,0.008213201711597895,0.0024446286926083083,0.004104063913801914,-0.010167482521989957,0.008008053907378132,-0.001612543614354478,-0.0005750387071374874,0.015277527161367876,0.0,-0.0010291336680551266
2024-09-18,0.0008665855754770302,-0.0036091271469240738,0.024523110041436702,0.003625432587357924,0.0019860580684682994,-0.005814973365461995,0.00546601088563925,0.0,-0.0006299379027885355,-0.0028327834815838893
2024-09-19,0.014719938620661122,0.013411592866958477,0.05274823531384887,0.007224672611198191,0.018830607861678672,-0.007798538229029872,0.027181817701080302,0.03257141113281259,0.0007564831591158061,0.017820176543217547
2024-09-20,-0.0033278589848815265,-0.0023183823667461967,-0.0353684507839751,-0.02869105623302637,-0.014591398268975264,0.009497263196244665,-0.009610226956940693,-0.020291431335518473,0.0013854655917866499,-0.00397524299638774
2024-09-23,0.0011985605311943814,0.006390498551021695,-0.0192055710477963,-0.007999961282703971,0.00493578644136905,0.00567724986003193,-0.02010948156348835,-0.0018829276533441908,-0.0007546629450670972,0.003821316253107776
2024-09-24,0.003420463455441336,0.0005772721996240016,-0.010680866894960617,0.009305230384754726,-0.020628725243414858,-0.004677466737378677,0.013346567521618002,-0.026410068958876876,0.0012587214855750428,0.006852184890104196
2024-09-25,-0.01329455297857729,-0.005288583945543213,-0.018893447011791742,-0.0596188910078983,-0.024072149470151905,0.0006482311090019177,-0.009063802818627065,-0.005425281456801878,-0.0017601971744736211,-0.0042010449046788745
2024-09-26,0.005559429678457128,0.0053346625839254536,0.013296684977291306,0.004575126152935427,-0.001027885782796445,-0.0035627667832385246,-0.0008575037592362111,0.009546032462307119,-0.0006295765086540284,0.011137382979049315
2024-09-27,0.007935162924047168,0.0026048509115856877,-0.009502248160061288,0.0032530550493197197,-0.0051438792790169385,0.006663513073182026,0.0020025593070183145,0.01485913667113703,0.002142253593149901,-0.0023364826209301137
2024-09-30,0.0024815806235898297,0.0024058011210370545,0.03152114329739408,0.011024788237791183,0.021716586945035976,0.0011300302066015178,0.016702395416780202,0.017303666947552365,-0.0012573541397314925,-8.355319565345187e-05
2024-10-01,-0.008023959713140072,-0.003839983910565614,-0.007528663625551046,-0.033996201393528214,-0.01821877823695295,-0.005966837903564004,-0.038893655074216826,-0.0613083883980724,0.0014020741289799687,-0.006357190823613301
2024-10-02,-0.0018069777663315412,0.0,0.02632746654622853,-0.00996030833728645,-0.009278430791452852,-0.0060024597303190985,-0.0078887948780052,0.018518524145164417,-0.00012593002461303016,0.0023571350082340903
2024-10-03,-0.005086248192466503,-0.003276359232507242,0.003478218997647442,0.0013415104192204819,-0.019770844296656764,-0.008160619685938286,-0.010602300637511552,0.02111433009070396,-0.002271075636578468,-0.004955070471223122
2024-10-04,0.014470164686915199,0.009571634970090948,0.009965335809241305,0.010046905894009583,0.012738817711845263,-0.007240442284483617,0.015627145327757885,0.03331421967675352,-0.0037936742870954276,0.008440253201049908
2024-10-07,-0.009736944192176855,-0.008331605713211343,-0.0167310168398217,-0.000663161354561792,-0.0010481439859391095,-0.012265924189564736,-0.0036634549536913585,-0.0007411694389957146,-0.001396494401799231,-0.006277241127175759
2024-10-08,-0.0023288007133006605,0.0030902006370752133,-0.01876092967460774,-0.005972155155168357,-0.0020987011189191884,0.004530924193133723,-0.011325165601599574,-0.006119077121959804,0.0007627709045434639,0.0026109993163845324
2024-10-09,0.004495532299986005,0.006931680795528639,0.01867502786003228,0.0066756244495231876,0.0073607952103613705,-0.004844553071167046,-0.00029752819936701425,-0.010447715942830227,-0.000634784218212503,0.004116225363289816
2024-10-10,-0.0022377064682869152,-0.0033463823949158034,-0.004801414266339399,0.004641807558944944,-0.001043979981086185,-0.008561285353933523,-0.0025298008811702744,-0.004713423749712176,0.0006351874251655509,-0.0010039281153209068
2024-10-11,0.014491536091624457,0.011511919013411864,0.03903510492999218,0.02244228314201191,0.020898761072301264,0.004740879122340669,0.04386097269366296,0.04432657912494209,0.0008893909903857633,0.006280921200910061
2024-10-14,0.007312354015150291,0.005974900582433662,0.017306807502891264,0.005164553667732497,-0.0030708238910160945,0.006572240654033834,0.0060025263146537,0.020496956856971726,-0.0003810616242431175,0.005159723381819248
2024-10-15,-0.002869990125845545,-0.005373747824427233,0.012863192685816704,0.014772137206628067,0.0041069045137385185,0.010212583922077467,0.014774824620394922,0.01759690202635289,0.0007618025401296968,-0.01043214989582042
2024-10-16,0.010666173566341586,0.009194282292388278,0.014338364079081956,0.02025307821495792,0.011247481543986249,0.013424020046536533,0.005319852893411081,0.019912653094295907,0.0010148956550861676,0.004016048359742674
2024-10-17,-0.0004188165354387374,0.000657487792631084,0.002423293801232518,0.05707207567777828,0.01112238274928834,-0.006050688474869781,0.013925640620976898,0.010618238368995003,-0.0016474062503812892,-0.0004166865681307641
2024-10-18,-0.00016762271417314345,0.0011263397920184826,-0.01490724191371473,0.00528148409406759,-0.01800015167409008,0.005594008793702976,-0.019777352481598842,-0.013557011689807497,0.0006345849834579198,0.005835785116581782
2024-10-21,-0.015085399239883612,-0.009000653265605285,-0.04673684963921165,-0.044950133939335446,-0.035641519676802846,0.0013087802890252576,-0.0463781655637181,-0.03590448695171666,-0.0024101990396664386,-0.004807317727303917
2024-10-22,-0.004424763627619566,-0.00340579951295672,-0.0021597793683575395,0.012224685525297208,0.012671667040379697,0.00506536133884361,0.01968859109106358,-0.004276512265455112,-0.00012714294795923564,-0.0021654165605694553
2024-10-23,-0.007094081656625062,-0.003322556764543294,0.0077922551113875915,0.00362336047335865,0.01251299899171232,0.007315888373137902,-0.005475462128459729,-0.019327161961543493,-0.0012718973150342983,-0.00884728549092173
2024-10-24,0.0037876627959441134,0.0010476963447301202,0.1546390140337397,-0.004813588670032787,-0.0020597963665687224,-0.005164665928863443,-0.035352025835119316,0.002919705285395313,0.0008915539340570433,0.0023578636231169625
2024-10-25,-0.004287746316230967,-0.0055185158673365375,-0.02641363082346604,-0.007888283404338448,-0.01857580065633946,-0.014114095625218037,-0.03033967723687303,-0.1446506713131568,-0.0007634500386880516,-0.001764254174840052
2024-10-28,0.009818154052032346,0.0064102939498760225,0.017195254519325465,0.025688047555968874,0.04942170226644671,0.0032910921444471164,0.03252812264203109,0.06785795693051644,-0.00038201666998549655,0.005217977980170874
2024-10-29,-0.0038378816860257237,-0.005038487103005029,-0.00300523671928532,-0.004770534069301724,-0.010020045803533995,-0.01738563000528326,-0.002250384473125866,-0.02330681206894203,0.0007642231151274714,-0.0005860443648246783
2024-10-30,0.000599305345808876,9.549832022903715e-05,0.0033910915332158176,0.012582547609999883,0.005060680149312713,0.0025037348660499337,-0.00255604624485517,0.02834997805946049,-0.0015274833119179876,-0.004439980604038829
2024-10-31,-0.015829618798662737,-0.00869403268736002,-0.015771733349327466,-0.028402337599118144,-0.022155058448406817,0.006327042944143324,-0.016129028433841786,-0.003173341000052954,-0.00038235273359188415,-0.015062230714600222
2024-11-01,0.0014781047625818111,-0.0024092867868933387,-0.004578259105493032,-0.001218143336515598,-0.0061792842647933055,-0.014228957586302049,-0.003676945699276124,-0.012136824831387893,-0.0012282330910737826,0.0038444955232699307
2024-11-04,0.0034723617864529377,0.0005795055489790091,-0.02223081491431267,-0.009756088353144565,-0.009326294132489643,0.003524643311639153,-0.014762424914991912,-0.02074526812365307,0.00192160869260527,-0.00017023409068694928
2024-11-05,0.016524027496067406,0.014869301129231793,0.021560154434513867,0.026477985982740204,0.01569033201681691,0.021241079424938247,0.0479162807677298,0.014603103964782482,0.0006396145011191567,0.0116615352276217
2024-11-06,0.045191462438070706,0.03206158908066259,0.13929397315332603,0.1031791342957944,0.12976318736714143,-0.00016388135095202205,0.1584749106117478,0.15163185211007724,-0.0016613215584599939,0.011947764609361977
2024-11-07,-0.0008956870443913578,0.000921783136839549,-0.051195633227156256,-0.0315387464123692,-0.04059047233202551,0.00589682276697534,-0.051427111338820386,-0.056856177858761625,0.003584382382162188,0.011224829868976771
2024-11-08,0.004319480543533372,0.009946674867971517,0.01881424226695594,0.010106671209072271,0.007692303228326258,0.017912395933455727,0.01951744121407084,0.018850285312006276,-0.0003826875497929816,-0.0026311570471503343
2024-11-11,0.013714114529791877,0.008207131236026788,0.035888497393467,0.031684290440422425,0.035305371170178956,0.012318012459949568,0.01914401227230944,0.06887705277566214,-0.0007656681112394592,0.001236598586607407
2024-11-12,-0.013448576259677547,-0.006693188349875978,-0.012445355291093141,0.0021551701671242984,-0.005529950584682752,0.006321165756842717,0.032611584941412586,-0.016281010678406815,-0.0022986623114856775,-0.007410427795107144
2024-11-13,-0.0045439059427525574,9.101124285160189e-05,-0.0034059857855144315,-0.0037634889560634877,0.004633870876773694,-0.004711078974337646,0.032465786074555636,-0.01010456124802006,0.0006402897843484912,-0.0019909315944984796
2024-11-14,-0.010433704496550567,-0.007466052192102612,-0.020163987723330723,0.00431731897707488,-0.015682694491913618,-0.009151181172660783,0.03633902839189562,-0.04540651232337889,-0.0011517023101144108,-0.004654580992945467
2024-11-15,-0.009472846110183064,-0.0032106973872402245,0.006278309485292732,-0.00806022671934803,-0.0018743190015145794,0.015286625341885296,-0.021841860399471225,0.017145952464963088,0.0008968240672435623,-0.009269339010771316
2024-11-18,0.0039085527472388915,0.004233420771691865,-0.00797220204739535,-0.008125617069801416,-0.0028169469036912753,0.0017252262469960034,-0.020760348634960457,0.009244193459436056,0.000895406641682861,0.0049730298232084635
2024-11-19,0.0027335817181373123,0.0012829700547305478,-0.003144638818261436,-0.003823096511630486,-0.00847461881311573,0.0017222549675219856,0.004314273367017618,-0.01311062389071993,0.00038351922226564916,0.00276768381936332
2024-11-20,0.0016522287943856462,0.0031118022129947853,-0.009463813513023833,0.007675431268989286,-0.0009495238290837538,0.006095729638230463,0.004049897188903362,0.000545928642044835,-0.0005110948034879881,0.0
2024-11-21,0.018474311000023613,0.012043749334602394,0.017339081489554875,0.007073056530555899,0.018060680989036237,0.01346893201254229,0.039970790853222526,0.01673339380324701,-0.0006392463088713551,0.003763850904511923
2024-11-22,0.015871660694187995,0.009286084250224036,0.022956500852695516,0.010804853900488576,0.018674220594942392,-0.004646862470967905,0.04019733396339409,0.027191352443214578,0.0,0.0035830637838605295
2024-11-25,0.014587451758814707,0.006163408710023521,0.0200610769225138,0.01015493564659442,0.0009166358340071401,0.0035791485620670915,-0.004745726442368703,0.05120171604248336,0.0034540153580673305,0.0034871997770336005
2024-11-26,-0.009035165052587169,8.88015165729783e-05,-0.017333302276498652,-0.011110947318895503,-0.01739948646501399,0.005427245035741102,-0.02157131175455096,-0.025347892044826903,-0.00025506292775545614,0.0014893848043091573
2024-11-27,-0.0010307097452966207,-0.0014203542102453337,-0.0010176563746175926,0.002140179589162905,-0.006523621774866872,0.002467591907614697,-0.00707819977074009,0.0037395444358074847,0.001147770097652323,-0.0007436169567220929
2024-11-29,0.0029364956138135945,0.0034669129700495294,-0.0030560126983375513,-0.006940780907320865,-0.003752343091318888,-0.005692290617989038,-0.005843124492144525,-0.010499558677312337,0.0017832374457862343,0.0067796129775610225
2024-12-02,-0.0017409089315992832,-0.0062011742042958895,0.011239839760198933,0.0043010707947848115,-0.0028248097937094707,-0.015782135048980517,0.03373689322488649,-0.01882591936292788,3.8126781410241506e-05,0.0021351858021831926
2024-12-03,-0.002457404869921298,-0.002050257378612863,-0.016167135757026885,-0.009635964323534196,-0.011331437763195562,-0.005659440043752295,-0.03013426364267835,-0.010116898875459523,-0.0001273894286700772,0.001802870712191762
2024-12-04,-0.0003972884388389053,-0.0015185149683524246,0.009243433099010323,0.016756582356653782,0.0057305593741885374,0.0007904131153149141,0.016883721882363645,0.018326007322067683,0.0015310031960211745,0.00531697364866579
2024-12-05,-0.008347233406630683,-0.0026838484723551437,-0.015942951220749402,-0.003189687014661713,-0.0009495238290837538,0.0003160157852515333,-0.008071143804229353,-0.015746666084021532,-0.000636765167970621,0.0005696085862594291
2024-12-06,-0.002886035880536486,8.9586528632557e-05,0.008617661557370315,-0.0031998936739618955,0.0,-0.005685422370356741,0.005579406439354617,0.01195499810841194,0.0020396173601842094,0.0012198048627578562
2024-12-09,-0.008361506631025417,-0.013723093178391932,-0.009911042312766072,-0.009095815014114494,-0.014258689014114423,-0.007782622490495883,-0.018726016674803114,-0.030403056953574592,-0.0007634137266451235,-0.0023554372513872046
2024-12-10,-0.005107812411774271,-0.008184880887967427,0.004142083357459692,0.010799229257782539,0.011571835677954612,-0.0017609255086229458,0.015549507047857958,-0.011288318448541279,0.0,-0.0059431920703892915
2024-12-11,0.00309673618795947,0.003942744456479019,0.01065662985737692,-0.000534342458531345,-0.0019064807977340337,-0.0014431889279497012,0.01983526986633266,0.01322942258425197,0.0,0.007125342584703098
2024-12-12,-0.006499258442260292,-0.005114538604590657,-0.015646191247056906,-0.01068935696024298,-0.010506249689564262,-0.0024089398263721362,-0.021838134936274955,-0.0016097326566538728,-0.0011460969190528747,-0.006261749057631327
2024-12-13,-0.005860911714794859,-0.0022210361269385803,0.004146377227599807,-0.006483184110554485,0.006756704274035297,-0.0033804935733848795,-0.005813909358615366,0.00465786703066895,-0.0011470056570173082,-0.0011456795200979197
2024-12-16,-0.002559707107453457,-0.002770748571176873,0.013420535922908705,0.011419397193862535,-0.009587722622936279,-0.007914744325348333,-0.0025730797703480413,0.013730324856016995,0.0,0.002048207408672509
2024-12-17,-0.010182111258583149,-0.00796519578443522,-0.028522807339136147,-0.025268946951241045,-0.02420119625203576,0.001302496393307928,-0.020872444940187362,-0.023922547619300016,-0.00038277426325106223,-0.003826974657667459
2024-12-18,-0.03788576826251622,-0.031929751390794014,-0.061167431390688476,-0.04522886134452386,-0.04761911414574871,-0.016260155261809683,-0.05760477478514392,-0.05730762676134138,-0.004085167128057066,-0.029723454151797002
2024-12-19,-0.003737802927163636,-0.0017359688320573996,-0.01154144764140641,-0.0017330447198190546,0.0,0.0004958308322740024,-0.012040465703397452,-0.006690924863884007,0.00025619149885502956,8.528725896916889e-05
2024-12-20,0.011430026853276765,0.013718481594297227,0.006026467978417216,0.021990830547866214,-0.001041613622013604,0.014868732517504757,-0.00842728086353528,0.025981568756835882,0.0010252183912271562,0.007849891481218174
2024-12-23,0.0008626081614715453,0.0012388165763690395,-0.005990367222173831,0.010192404756528495,-0.007299317540923722,-0.0017907377835795213,0.02118196421347851,0.0009378960002353054,-0.0006401690086990097,0.006180139925829664
2024-12-24,0.008274591450509128,0.010565398736048781,0.004519850983812912,-0.002802633620996753,0.0042016780085698535,0.007012497180986177,0.010243417283131606,0.011993991422936334,0.0010286015755285316,0.008413937766475366
2024-12-26,0.004274221587326821,0.0009419236498804384,-0.0033746353887776914,0.015739163052565397,-0.0010459718352539005,-0.0011336257772281977,0.011533457906216293,0.009629638106734673,0.000642368370062929,0.0008343926555485215
2024-12-27,-0.011916937472389644,-0.00997461734092664,-0.0210683890876322,-0.012728319504418328,-0.012565436423460863,0.0003241871867876167,-0.034456827045190375,-0.017241353976825358,-0.0005135444154771296,-0.007586469867079559
2024-12-30,-0.005427351708682471,-0.007223631131107244,-0.0046118398816614725,-0.0033631169641323844,-0.006362881247799268,-0.0029172533236575537,0.01751881416774359,-0.005972443049376941,0.0017978701275394027,-0.010248701336865729
