Date,PRPH,LIXT,ISBA,LINK,IPM,BYRN,SFBC,SCWO,TOMZ,HFBL
2023-01-03,-0.006230573094877179,0.0,-0.04255320931814921,-0.02818646399686975,0.060606000399351156,0.007653053777012531,0.0,0.013986084524057807,0.12244898207432908,0.0
2023-01-04,-0.0146289858007157,0.1176470423239735,0.0,-0.02585122092948533,0.0642857392223517,0.008860720756860063,0.0033105555443402324,-0.017241444513996895,-0.03636370926848953,0.0029224524929987172
2023-01-05,-0.0572640450029086,-0.08771930118089977,-0.011111091662324712,-0.033268492730986976,0.0,-0.0037640820277198284,0.0,-0.09122806988191001,0.01886802001456611,0.0
2023-01-06,0.04049489794987915,0.03846159489197354,0.004943673802688453,0.03950181307704037,0.046979820667626404,0.0352645097972919,0.01522819049618973,0.1389961951523333,0.0,0.028554539815189628
2023-01-09,-0.019459492451435856,0.037037001061669184,-0.0022360344719779546,0.025763235871325785,0.05128208067290285,0.04987832531546954,0.012249940517420566,-0.03728818024961533,0.01851850012202405,0.007932162747071203
2023-01-10,0.017640557088818065,-0.05357137839404824,0.015239815702912107,0.004646692455127166,0.024390220854836775,0.042873682578514316,0.0,0.03873244254888619,0.018181800448205276,0.0
2023-01-11,0.007584035966438973,0.07547162342173652,0.02649021336413715,0.03249985264616306,0.07142857649699375,0.025555504692925446,-0.02025195077386921,0.0033898272208872093,0.0,0.0
2023-01-12,0.009677435563663073,-0.052631530515153124,-0.01161299429711471,0.0,0.15555554378179814,0.03900331833216297,0.0,-0.07094595791912128,0.14285711244661004,0.0
2023-01-13,-0.003194961187284906,0.05555550159250355,0.0008703395038160977,-0.006053219702922941,0.05769236941309597,0.03649629011746791,0.0,0.10181817141446192,0.07812502037268176,0.0
2023-01-17,0.016025702746429227,-0.017543843505051004,0.0,0.061144888284856425,0.07727265190487231,0.001006059286116301,0.0,-0.023102288417082395,0.08695652549493671,-0.026981678518544272
2023-01-18,-0.06203997249085891,0.07142858967489163,0.0,0.006772208349022035,-0.021097027312509398,0.0010050481480938789,0.0,0.02702700090373522,0.039999961853027344,0.0
2023-01-19,-0.02914800747287216,0.0,-0.015217458929318362,-0.04343851695207579,0.017241363363798445,-0.031124540002951062,0.0133603776876976,0.0032894705884014552,-0.08974358386541947,0.010976405852546334
2023-01-20,0.020785255005468795,0.18333331743876147,0.015452608362424458,0.0071514915447439265,0.09745763953271158,0.018652882102724533,0.0,-0.0622951017019413,0.0,0.0291427992407296
2023-01-23,-0.06334846266408267,-0.07042253615718541,0.0,0.014792713839002936,0.15444019637959072,0.007121026995677626,0.01865663088106273,0.08741259061886208,0.12676061422336438,-0.03609085842328563
2023-01-24,-0.0060386705733529444,0.03030307408973054,0.0,0.0,0.030100305646238334,-0.003030276174459612,0.0,0.0,0.04999995157122683,-0.006336424505963056
2023-01-25,0.02916169357735665,0.044117603747491074,0.0,-0.035335344640880506,0.1136364128964018,0.0,0.0,0.012861801164264719,0.011904821881092875,-0.008116033963664337
2023-01-26,-0.030696602206016443,0.04225354855837682,0.0,0.03880571907203856,0.0379008377528236,0.012158043257392004,-0.010988941875442304,-0.022222276045109735,0.0,0.0
2023-01-27,-0.015834362221301412,-0.01351350045186761,0.0,0.0,0.09269667624403932,-0.018017953516060725,-0.00913580840636663,0.025974079255291826,0.03529408299799286,0.04532089889016522
2023-01-30,0.0037128382740665433,0.04109585014510864,0.0,0.03223551399558744,0.04113112635369198,-0.03873599369894476,0.0,0.018987323148685453,-0.045454570084564105,0.0
2023-01-31,0.00863139968703952,0.03947370980254861,0.0,0.0,0.037036941102725374,0.032873749301178146,-0.0069772036032205165,-0.00931676121838998,-0.023809501846360326,0.0
2023-02-01,-0.022004926462152907,-0.05063292285300003,0.0,0.0,0.011904807858458266,0.013347034650494027,-0.0012548204453531886,0.034482725116836255,0.036585403970846864,0.0
2023-02-02,0.013749957084655762,0.026666641235351562,0.0,-0.0022548699784782356,-0.10588236416087426,0.004052681085797261,0.0,0.018181801105005002,0.01176469433266436,0.0
2023-02-03,0.02219485977753166,0.02597406377356548,-0.007391405144188901,-0.039547888013246046,-0.04210522353153756,-0.014127082926746692,-0.002763749842520702,-0.032738065038745545,-0.023255860695907793,0.0
2023-02-06,-0.04825091643040502,0.025316491606066638,0.029347414919781878,-0.0011765746096802365,0.12362638316340435,0.008188323434773492,0.006298887988991364,0.04615387549767136,-0.05952375461590087,-0.025337998359632907
2023-02-07,0.040557690377238664,1.3333331763499143,0.0,0.030859938384378616,-0.06845970644553234,-0.004060909675524194,0.0,-0.04411767387060073,0.30379739672571326,0.0
2023-02-08,-0.008526150365282814,-0.3333332996940269,-0.010638185947174139,0.028336348264480282,-0.17060363955665903,0.0030580766246657287,0.004274569099757208,0.00923076042762161,-0.03883491549912932,0.0
2023-02-09,-0.01228505863046514,-0.13492069138661067,-0.006451694867403157,0.0,-0.06645570646931442,-0.08841462114513021,0.0,0.0,-0.04040406168924138,0.0
2023-02-10,0.02363178871701277,0.10091746972171434,0.05714277324967321,0.0,0.08813558856292358,0.06911927169478771,0.0,0.006097555213709249,-0.13684210196096147,0.09474304119111521
2023-02-13,-0.0060752417790488344,-0.10833334922790527,-0.022113019911591647,0.0,-0.03738321574816339,-0.02398336728374073,0.0,0.0,-0.04878051439826525,0.052770524961286425
2023-02-14,-0.022004926462152907,0.10280377580168132,0.0,0.0,-0.006472485916521498,-0.01816240197964858,0.014021005674297093,-0.0030303001841675004,-0.08974358386541947,0.0
2023-02-15,0.0012500286102294922,-0.016949136104436047,0.005025135297037853,-0.026666760444641113,0.016286629773138106,-0.009793166814249243,-0.011111138594391834,0.015197554071740171,0.014084577986089863,0.0015037370382604553
2023-02-16,-0.046192303598459494,0.008620640043698113,0.01041664862335856,0.02283111230483703,-0.0096153757981291,-0.02967037873025502,0.011235983160532648,-0.005988018395350125,-0.055555583150297405,0.0
2023-02-17,0.02879584697296722,-0.034188002141121165,0.0,0.0,0.14239484447971096,-0.016987499414078955,-0.008642095624337376,-0.009036136142469231,0.04411760452090707,0.0
2023-02-21,-0.007633580376634641,-0.06194688473006249,-0.022680373490096217,-0.05133921862698432,0.07082153031904248,-0.04838710386260059,0.0,0.009118532443044058,0.028169072021973385,-0.13363377057720094
2023-02-22,-0.04487184268091049,-0.05660380753557426,0.023206710348271375,0.05882349228776573,-0.11640213242083353,-0.0072639731179307,0.0,-0.0361445445698767,-0.05479454851034116,0.1062970497054454
2023-02-23,-0.009395932431724874,-0.11000003814697268,0.0,-0.02777773141860962,0.008982027593025244,0.0036585041059751244,0.0,-0.003124996973201677,0.0,-0.03916457550889574
2023-02-24,-0.024390284875953183,-0.0561797776888634,0.00783507420529328,0.00262850340162335,0.05341248453109082,-0.026731388285680557,-0.011207699788259418,0.0031347931924397,0.028985479703797834,0.0
2023-02-27,0.008333391834189907,0.035714310042713304,-0.00163660465366533,0.011626472868475402,0.0,-0.028714108926510384,0.009067869633022863,0.015624984866008385,-0.042253482107650564,-0.020651908673502195
2023-02-28,0.006887012716445318,0.045977078272876115,-0.004098353305602043,-0.003943497529677598,-0.25633798862964996,0.06298203531377444,0.0,0.00923076042762161,0.014705868173635617,-0.03884587046230137
2023-03-01,0.010943902097437785,-0.09890115763481233,0.004115218926693531,-0.0033936011112355446,-0.1666666817183441,-0.008464406846896866,-0.0057413220244686425,0.0,-0.014492739851898917,0.0
2023-03-02,0.017591355451910262,0.09756100113940813,-0.0008197782671059972,0.0,-0.15000001625581183,0.009756088483765968,0.0,0.012195110427418276,-0.04411769217479555,-0.01616624601411809
2023-03-03,-0.01063828775385156,-0.07777775658501518,0.0028713985016495247,0.021566297867531503,0.005347588469388986,0.0458937351081965,-0.006025884835850759,0.012048181523292234,-0.015384601277006582,0.012323884880662384
2023-03-06,-0.029569928136667145,-0.06024096247107813,-0.004090150840531992,0.0,-0.11170214823383506,0.010392627502734397,0.0,-0.06249994234669598,0.0,-0.008115985680085647
2023-03-07,0.004155153833813818,0.03846156197421835,0.004106948880949535,0.0,0.011976108173510136,0.02742854527064731,0.0,-0.04761907645273733,0.0,-0.01753365692460407
2023-03-08,-0.0193103264118063,-0.024691392183120553,-0.016360155920780994,0.0,-0.005917224457964498,0.0,0.0,0.03333330154418945,0.0,0.0
2023-03-09,-0.03234880657587269,-0.025316491606066638,-0.020374132423809366,-0.026666760444641113,-0.04761900369272076,0.0022247450804089297,-0.0010104195786784231,-0.009677410423445276,0.0,0.0
2023-03-10,-0.03779073031352176,-0.06493506654355596,-0.0237690219644886,0.02168964242231186,0.0,-0.01442842520960197,0.0,0.05537461888944617,-0.14062496216501952,0.0
2023-03-13,0.0332326693099676,-0.01388887601134181,-0.02695668230190451,-0.005586546639566814,-0.0750000018626451,-0.0011261518865943732,-0.04450059173839782,0.1820987384051489,0.05454540134461583,-0.07971433382963689
2023-03-14,0.05701752306804275,-0.01408449379940424,0.0187669402923496,0.0,-0.01351350045186761,-0.00112742153448242,0.012172713649155842,0.00783289085832184,-0.05172409009139556,0.06916610612064211
2023-03-15,0.11479950184696897,-0.028571401323590928,-0.013157966710141689,-0.016853975250385678,0.02054792507255443,-0.012415311618476865,-0.021176670494589933,0.005181404116229027,0.0,-0.08343427203011877
2023-03-16,0.003722051043344443,-0.014705938038939936,0.013333407238721673,0.0149713236618092,0.006711402952518153,0.025142887660435376,0.0,0.01804121937581038,0.05454540134461583,0.10026403940170647
2023-03-17,-0.04449939761734678,-0.0447760779758305,-0.030263045136567412,-0.014750489312146953,0.0933333237965901,-0.003344558054895752,0.03044886493831389,0.017721501872853374,0.034482829494228984,-0.011390866917654452
2023-03-20,0.034928846088007504,0.0625000139698384,0.0,0.039999857766294555,-0.03658533128225516,-0.07941835251367335,-0.002851371001246328,0.05721393536436703,-0.09999999999999998,0.0
2023-03-21,-0.02875000238418579,0.13235288136558299,0.0,0.0,0.05063286172982795,-0.010935504728973422,0.0,0.07529415803797113,0.129629611233135,0.0
2023-03-22,0.0180180008789268,-0.025974001846660322,0.02442313214992642,-0.0037362290660936104,0.06626507019093375,-0.018427587945697765,0.0,0.03719903568296479,0.0491802798135097,0.0
2023-03-23,-0.05436154698274798,0.026666641235351562,0.0,-0.029891809871665842,-0.05084747703301684,-0.0400500255307813,-0.038211468575696794,-0.09282692017504146,0.0,0.0
2023-03-24,0.06818178485885196,0.1038961312404516,0.015452608362424458,0.03467865856496233,0.03571432372745331,0.019556726711261074,0.040540537613540595,0.04186042333822804,0.01562498544808455,0.0
2023-03-27,0.02127660590285041,-0.01176475076114425,0.0,0.0,0.1321839182832656,-0.002557542261826362,-0.006233740822134792,0.011160756812943928,-0.04615380383101986,-0.0018193859498533138
2023-03-28,0.015931386871550712,-0.05952375546063715,0.012323796780023155,-0.01923061505475121,-0.015228411651818319,0.006410219573724785,-0.026137129730279485,0.015452470547938413,0.032258033504347416,0.0
2023-03-29,-0.06513871704920049,0.037974646870400086,0.0,-0.01960786317242824,0.04639170696636952,-0.003821622080974474,0.0005367486218326167,0.006521784876155623,-0.046874956344253316,0.06379103509631712
2023-03-30,-0.03741934991651963,0.0,0.07826078049625784,0.039999857766294555,0.039408829967266135,0.0,0.0,0.008639300402664807,0.06557370641801308,0.0079954746523474
2023-03-31,0.02144770061581025,0.012195168755581687,0.0,-0.00010976425561792791,0.009478777412064598,-0.02941176649931232,-0.007242272886400336,0.010706576676843271,0.03076929425347008,-0.03286126414531343
2023-04-03,0.03149609600521841,0.024096362008327654,-0.06249995097738881,0.0,-0.01877943573824914,0.021080348378854197,0.0,0.0466102281372931,-0.014925358528601551,0.018160703538428136
2023-04-04,-0.020356275003996394,0.07058828017290897,0.0559139527053345,-0.008792362776375962,-0.07177026943011688,-0.03612905933010968,-0.0002702412422782574,0.0,0.060606000399351156,0.0005752638261584675
2023-04-05,0.01298706285023532,0.010988947648731706,-0.0020366014243444752,0.0,-0.046391768414455026,-0.0133868684660301,0.0,-0.02024289544013369,0.0,-0.014376068746815185
2023-04-06,0.0756410433539112,0.0,0.0,0.004767962565290107,0.04324320144597649,0.0108548066415588,-0.01081073061101423,-0.01652890933552542,0.18571428206502172,-0.0035005316441706347
2023-04-10,0.014302727133328919,-0.010869503246587309,0.0,0.015228386731052312,-0.05181342349755991,0.013422870339588666,0.0032788938493013564,0.004201676463198689,0.0,-0.0011710461854561593
2023-04-11,0.025851857513216503,-0.06593410508987485,-0.037551069666470704,-0.003478241805093929,0.13114747797771287,0.0,0.0,0.01464428697734843,-0.09638552399916434,0.02872200227503585
2023-04-12,-0.003436395709535911,-0.18823528289794922,0.0,0.003490382198372055,-0.024154567115350467,-0.019867561798409983,0.0,-0.032989659908917224,-0.026666641235351562,-0.019373077207734624
2023-04-13,-0.024137935948381428,-0.028985548309857667,0.017387704086477607,-0.04021756445639435,0.01485147112526719,-0.0040540823542868365,0.03213484504609543,-0.03411510564179687,-0.01369861671503625,-0.008715857397585625
2023-04-14,-0.03886925001207542,-0.05970143730110733,-0.01750731314551701,0.0,-0.04878044241882984,-0.10583442945494992,0.0,-0.121412840013562,0.027777750183035854,0.014067849775592167
2023-04-17,-0.044117605809933624,0.0793650769622718,-0.02418330321011697,0.012457541051320353,0.0,-0.03945375157233255,0.0,-0.042713586803831194,0.0,0.01849730898127344
2023-04-18,-0.0051282001121667475,0.0,-0.00869568404262333,0.0,-0.0051282001121667475,-0.09952608562940846,-0.023746762103126318,-0.06561679888572791,-0.05405408235428677,-0.010783181491003324
2023-04-19,0.01159789601754957,-0.02941180595477033,0.0,0.006711523767314764,-0.025773231984957512,-0.045613993113132745,0.0,0.06460674796918942,0.04285718786473258,-0.02122783834513342
2023-04-20,-0.030573219622146985,-0.015151500920837613,-0.0021928246704340237,-0.026666760444641113,0.01587300085546861,0.05882356034843128,0.0,-0.03430075919018705,-0.05479454851034116,-0.004689303959117708
2023-04-21,0.021024946728643412,0.015384600712702756,-0.017582574809618112,0.026712354856041953,-0.005208328482694813,0.0017360679943270174,0.0,-0.13387978088681673,0.014492739851898806,-0.05182574282185792
2023-04-24,0.007722000376682914,-0.04545450276251273,-0.006711313340195479,-0.03491202151016071,-0.01570679157803201,0.07452336737609078,-0.00675666601976066,-0.08201892246236897,0.057142888769811995,0.06583848348534982
2023-04-25,-0.01277138002643008,-0.0317460761979701,-0.00900904146174386,0.0,-0.00531914387692578,-0.10161284790078584,0.0,-0.13058422791504598,0.0,0.013986055433756528
2023-04-26,0.0,-0.06557378715098938,-0.007727227133458525,0.008064487221623562,-0.03208559456461735,-0.030520659076252565,0.030475917990751,0.08300396858566605,0.02702700090373522,0.05632178043174907
2023-04-27,-0.01811123753430155,-0.03508768701010212,0.07054522607020353,0.014514152652201906,0.03314920656665388,-0.005555594310838297,-0.0150513008883576,0.018248157716151958,-0.013157882353605488,0.029379905748754265
2023-04-28,-0.01185772737530233,0.018181800842285156,0.0,0.0,-0.005347588469389097,-0.027932979248437184,0.0,0.04301079771268568,-0.06666668256123864,-0.007978621835925237
2023-05-01,0.034666697184244866,0.0,-0.05862230047193673,0.0,-0.01075267783478251,-0.030651312996745395,0.0,0.0,-0.014285700905079524,-0.032171733404501746
2023-05-02,0.08505152421976292,0.0,-0.05454545633169605,0.010476660337978227,0.03260866396255957,-0.017786591621669512,-0.012868687372187604,-0.03780073205152623,0.08695652549493671,0.0022160539448978778
2023-05-03,0.08432304414651237,-0.017857126131349377,-0.012980686551453458,0.008918508873685838,0.005263152941442195,0.006036259773603003,-0.015480736006703855,0.028571486959652947,-0.026666641235351562,-0.022111655474334246
2023-05-04,-0.09638555349512234,0.0,-0.06819302547595019,0.005524817340075927,-0.02094238877070942,-0.03400001525878904,-0.0071724770370416024,-0.02777783296726144,-0.0958903986554499,-0.03900522416740093
2023-05-05,0.013333291718454099,0.03636360168457031,0.09775221614879315,-0.03626358701098609,0.026737942346945376,0.04554871024925444,0.00027801158808404836,0.03214291218592291,-0.030303090509739783,-0.024117452211486867
2023-05-08,0.0011961996761384874,-0.052631530515153124,-0.04619036430005785,0.0022805197747606254,0.015625047536257375,-0.007920784226189581,-0.00027793431912270794,-0.013840899245549543,-0.015624985448084439,-0.027727705641962697
2023-05-09,0.040621285213456204,0.037037001061669184,-0.0024962915492426907,0.0,0.15897432574310488,-0.03992021496313025,-0.008379872718122794,-0.02105261220606125,0.04761909717695367,-0.0030997315489155186
2023-05-10,-0.02181395861666635,0.089285715806241,-0.02052062192855142,0.0,0.07079649845391889,0.0,0.0,0.04301079771268568,-0.04545459060957757,-0.004975096366631959
2023-05-11,-0.0023474714423807885,0.06557378715098938,0.07971392396898969,0.030716752709931017,0.020661136669406943,0.031185051382921936,0.0028169709898808737,-0.013745772883779095,0.04761909717695367,0.0
2023-05-12,-0.06705884372486792,-0.015384600712702867,0.0,-0.034216397756986705,0.04048579088026738,0.008064508376086854,0.029775185792609182,-0.003484317373521062,0.045454500299513256,0.05687494135929061
2023-05-15,0.013871391664008303,0.03124996973201677,-0.053478380902688305,0.039999857766294555,-0.02723732881754304,0.035999965667724565,0.0,0.006993083943600098,-0.014492739851898917,-0.0236545719424619
2023-05-16,0.08706465330676494,-0.015151500920837613,0.0,-0.010988922888429342,0.02399997711181645,0.0,-0.015275403918498687,-0.03819448928589997,-0.08823529669570263,-0.00969104130871401
2023-05-17,0.014874155359879015,0.0,0.0,0.00011098384857177734,0.01953123181010552,0.015444093280765792,0.014681503815983099,0.02166062931143853,0.016129016752173708,0.0
2023-05-18,-0.04396847219329725,0.015384600712702756,0.0,-0.00011097153252404013,0.01915716197108419,0.028517036502517357,0.0,-0.014134262519924334,-0.06349209803242228,0.0
2023-05-19,0.021226452227886883,-0.09090907777308088,0.0,0.0,0.060150316635100065,-0.03512015944165803,0.0,-0.05734761634399543,-0.03389827426361236,0.009174323740833934
2023-05-22,0.023094666603822533,0.08333333333333326,0.005999913329782336,0.0,0.03191494848171739,0.028735651608507995,-0.019383071042859634,0.026615943040625423,-0.017543843138140613,-0.015151683357322976
2023-05-23,0.00902933711129017,0.0,0.0029821719592046936,-0.017777740955352783,-0.04467357752802548,-0.007448782626717443,0.04398669869449279,0.01111110031850071,0.017857125751218117,0.0
2023-05-24,0.040268526537909244,0.07692307692307687,0.0,0.018099509343887377,0.021582713452168223,-0.037523416909558405,-0.002666732141854977,0.003663000144099149,-0.03508768627628134,0.0
2023-05-25,-0.004301071078780971,-0.028571401323590928,0.0,0.07777774333953857,-0.007042247017941761,-0.06042883740039173,0.0029410463862782343,-0.062043823248996044,-0.018181800448205276,0.0
2023-05-26,0.05615545261732091,0.044117603747491074,0.003468873744905565,0.18556706048132665,0.010638287978706584,-0.01452285667393427,0.0013330639931286026,0.0077820939478694395,-0.05555561074503923,0.0
2023-05-30,-0.04907970913517634,-0.04225348139821283,0.08641960155130635,-0.13217384781864572,-0.017543843505051004,-0.008421044600637306,0.0,0.019305093587580258,0.0,-0.1673846545738228
2023-05-31,0.02043006198780395,0.014705867915830284,-0.04363632576804388,0.0020038625956577683,0.003571425226269964,-0.008492560834195695,-0.035676112435738316,-0.01893946543486147,-0.01960782480441492,0.0096083026291649
2023-06-01,-0.035827203455014445,-0.04347828791136965,0.1288022051544344,-0.01999983906744951,-0.06405687971672136,0.04282651092028544,0.004693621545385662,0.11196919300463293,0.059999942779541016,-0.004392208023208943
2023-06-02,-0.062295051211791796,0.015151500920837613,-0.07284212181636218,-0.010204216804355237,0.011406832731696515,0.006160207497603487,0.0,0.05902771913895144,0.16981139289989433,-0.017647189960239063
2023-06-05,-0.05477858638788846,-0.010447715942830227,-0.04632154915368625,0.010309416323648124,0.018796973948468798,-0.03673475544336369,0.0,0.0,0.0645161631452178,0.002994074023293436
2023-06-06,0.01972882957580535,-0.07390652179447843,-0.023809251802593634,0.004387765055593462,-0.04428048792933381,0.05720338833225891,-0.014014973606914727,0.02950824721146006,-0.030303090509739783,0.05373127503980757
2023-06-07,0.009673508981605128,-0.09446253034497776,0.012194979232572623,-0.018592069055197613,-0.003861000306814355,0.01402809115674386,0.021460362206655814,0.028662392089970457,0.07812502037268176,-0.02903681394216795
2023-06-08,-0.02634733616504159,-0.00539563548200217,0.10843362701333858,0.036231925908385865,-0.019379827052266485,-0.0019762356043001583,-0.005729811725901701,0.027863750352276284,0.04347830593924007,-0.016776058606784994
2023-06-09,-0.00615008487466695,-0.06148284623657796,0.043478326241278786,0.02597396611959968,-0.043478219897133186,0.007920784226189692,-0.011525772715494154,0.006024090761646228,0.0,-0.0074185121053761405
2023-06-12,-0.08292080230449261,-0.01348750884192973,-0.12291663664788688,0.04576439202438953,-0.045454599192765954,-0.013752489108627475,-0.000555282844570848,0.02095813576653538,0.027777750183035854,0.009716097868940121
2023-06-13,-0.02968958093413243,0.003906246362021193,0.03325422408282175,-0.04003724125047892,-0.00432900030777672,0.007968119921316186,-0.009444499435218967,-0.008797645347408345,-0.05405408235428677,0.007401882972326357
2023-06-14,0.02364396035341132,-0.03307394566338395,0.006896352293805474,0.006789553297447126,-0.004347822030685733,-0.00988136649468807,-0.017105986609090462,0.002958576959962933,-0.057142803620318094,-0.014694995309095793
2023-06-15,0.01494560525567823,-0.04426555321507708,-0.006849118360688244,0.04335256082748895,0.026200848811800848,-0.019960155070101737,-0.01255339468638006,-0.020649017550209092,0.07575750049918883,0.0
2023-06-16,-0.021418989545648248,0.24421049419202312,0.0,0.054478417553050607,0.059574515142826856,-0.04684318252977371,-0.02889340085154013,0.030120525621057048,0.042253566057856906,0.1103654816748103
2023-06-20,-0.02188780419487546,-0.04737728260581908,0.0,-0.0017512804141819327,-0.028112422881404364,-0.01923070065211563,0.0011900800336235307,-0.08479530859171303,-0.06756758280615438,-0.07253190943610943
2023-06-21,0.02657343422184888,-0.09946712813435732,0.0,-0.01605278436330626,0.0,-0.01089328737966877,-0.007429425433365333,0.012779540060870564,-0.014492739851898917,0.0
2023-06-22,0.020435914906267172,0.04733723135940626,-0.010574923587514329,0.010965565665655985,0.045454500672694964,-0.02422910450190996,0.01766473497288623,-0.11671927920274028,-0.014705868173635728,0.023895591115667303
2023-06-23,-0.020026651951136176,-0.02448213104365282,-0.019516550063780946,-0.03174600171093711,-0.03952565445193934,0.013544005666935366,0.029714658690628504,-0.0321428270364289,0.04477607558580465,0.05021218150160278
2023-06-26,-0.02588556584068602,0.003861000306814244,0.00047385849884573616,0.0,0.1810698793062393,-0.0022271163818317063,0.014285494654043163,-0.07011072123466688,-0.057142803620318094,-0.05723909113323644
2023-06-27,0.02797200092273,0.1557693171783343,0.013442054158918637,0.04417124238159831,0.19163770476169284,0.004464281437804418,0.005915650306662412,-0.05555550299414003,0.030303000199675578,-0.002142770023537688
2023-06-28,0.001360575375726647,-0.054908550411920665,-0.029369924582174134,-0.028347239956747816,-0.04385967602959184,0.006666713290744308,-0.005040594651538277,-0.04621854127105551,-0.014705868173635728,-0.0035791531959857847
2023-06-29,0.010869554654186597,0.019366221274442985,0.00048825878652447585,0.006283688932309239,-0.13761469428394735,0.07505511258356368,0.0,0.03083697525593232,0.0,0.01580458487922498
2023-06-30,-0.024193525128260562,0.015544067906882564,0.0,0.009812626280365944,-0.3368794152353026,0.02874750443791463,-0.0008445234371520227,0.02136760366190571,0.0,-0.007072096295461905
2023-07-03,-0.002754883902634897,-0.056122434912134644,0.058536452406140915,-0.054770143201537946,0.0,-0.009980077535050813,-0.0019715091718011113,-0.05857744717956315,-0.0597015230765604,0.05056981611078215
2023-07-05,0.029005531047764155,-0.02162168617517668,0.0,0.0,-0.04278077150339554,-0.012096762564130281,0.016087856920426802,-0.004444440205891964,-0.04761900256640572,0.01694919972045028
2023-07-06,0.010738309072668928,-0.02209942713677715,0.0,0.006074525895797489,-0.01675976091011433,-0.032653126762290374,-0.00611117274506634,-0.035714251502436234,0.0,-0.05066679973254884
2023-07-07,-0.01859234255271247,-0.041431222704776616,0.011520720796157624,-0.019043113282370405,0.06818182126057049,0.03586499673054666,-0.003074318705375112,-0.06018523577554524,0.04999995032946458,0.0
2023-07-10,0.008119072241346892,0.023575615316646203,-0.04328017913381732,0.0653409509427001,0.01063828775385156,0.06313644652004036,0.0067286652201032915,-0.13300491858710095,0.01587300085546861,0.02879219697469826
2023-07-11,-0.040268419003798184,0.04606521484854431,0.0,-0.026666641235351562,-0.01052630588288439,-0.22222220192264042,-0.004455869256910772,0.017045438382004896,0.01562498544808455,-0.02662122677503409
2023-07-12,-0.009790233668210857,-0.04220183983905479,0.012380942902355807,-0.04840184437995165,-0.01595743163077734,-0.04187188184022028,0.0,-0.00558658697003811,0.03076929425347008,0.011921614091727983
2023-07-13,-0.02118645437624711,0.051724136356066985,0.0032926197287539427,0.06775434960601912,-0.016216200542241155,-0.10539847680564218,0.0,0.03932587279618516,0.04477607558580465,0.0
2023-07-14,0.02597407065433277,-0.010928951781599139,0.0009376611323863582,-0.031098387453877385,-0.02197806588435247,0.05172415683064435,0.0,0.048648666064176505,-0.04285710271523857,0.0
2023-07-17,-0.004219438712376067,0.38674041397018755,-0.016393498300195763,0.017625348239316274,0.044943845056852894,0.06830600932711706,0.0,-0.010309329662834377,0.029850717057203102,-0.013167157104675753
2023-07-18,0.03813559093729224,-0.3147410752139356,0.01476203407704424,-0.07474946654119374,-0.0430107754301452,-0.046035821689492606,0.0033566366826003335,-0.03645829937886369,-0.014492739851898917,0.03230348738945055
2023-07-19,-0.006802682251218939,-0.0426356195149864,0.04176427707317698,-0.10935950958116836,-0.016853916782002765,0.05093835288173909,-0.0027878024309485605,-0.03783786570268233,-0.029411736347271344,0.011564632037462497
2023-07-20,-0.021917852064214927,-0.07692309919824758,-0.00045036143714871635,0.01659278526152308,-0.017142840794154623,-0.0025510179256708065,0.006429937659590879,0.028089928274849907,-0.030303090509739783,0.008069893769902858
2023-07-21,-0.014005589146010688,-0.0789473986911865,-0.019828675979931765,0.04243762914881444,0.0,0.02046033809461112,0.00166677406475646,0.0,0.04687504947651289,-0.04202799323917039
2023-07-24,0.024147738240782424,-0.03333330305795679,-0.038161020479943075,0.014613726099784063,0.023255791388182345,0.01754384287606192,0.011647009043567857,-0.010929016211355558,0.04477607558580465,0.034122516676452275
2023-07-25,-0.018030528953274283,-0.0369457780943121,0.0,-0.01646092579034375,-0.039772689558011276,0.004926103745908295,0.006030872657308839,-0.005524856784194343,0.0,-0.01077449221591742
2023-07-26,0.028248628284956778,-0.010230230023922982,-0.04015297829035602,-0.016736422804118134,0.017751461759777376,-0.026960759106070542,0.0010899884517265868,0.005555550404536813,0.0,0.0
2023-07-27,-0.006868157870036584,-0.04909556186574182,0.010956133936390167,0.010638211662815422,-0.01744184354113687,-0.02518895272808208,-0.004627190120329083,0.049723776919236684,0.07142858967489163,0.0
2023-07-28,-0.004149406601549943,-0.05978261538568186,0.022167414454409506,-0.023684190019674478,0.029585769599628886,-0.031007723283626443,0.011758266263912187,0.005263152941442195,0.013333320617675781,0.016821211359407506
2023-07-31,0.011111167036458314,0.017341023733535632,-0.009156667717078015,-0.013476922763711374,0.01724136277318622,-0.015999984741210893,0.0,0.041884839954660524,0.0,0.04659016002232175
2023-08-01,0.02747250048093086,-0.02272725117600638,0.006809549613544297,0.016393308068001877,-0.011299424374029976,-0.05149052961359002,0.003243344448631502,0.08542717360766239,-0.013157882353605488,-0.0012903796680555635
2023-08-02,-0.026737942346945265,-0.061046521701704215,0.012077276519179447,-0.019354936210722706,-0.017142840794154623,-0.03142854145595009,-0.0029635526724536287,-0.03703711062301529,-0.013333320617675781,0.0
2023-08-03,0.021978000384744734,-0.003095972261364044,-0.020047739548269994,0.07346500863777283,0.03488368708227374,-0.0029498496028924626,0.0035125753752474065,-0.01923075159625831,-0.01351350045186761,0.014212043897229298
2023-08-04,-0.036290319737898535,-0.006211174145593357,0.02045787367134455,-0.06026548555218059,-0.03370783356400553,0.029585769599628886,0.0043080869194258575,-0.09313722625689835,-0.01369861671503625,-0.031847209980170876
2023-08-07,-0.0041841296358613445,-0.043750032130628336,0.0,0.016304447965264757,0.0,-0.05172415683064424,-0.0018766896698823032,0.06486486660641755,-0.02777783296726144,0.0
2023-08-08,-0.0028011178292021155,-0.05228753281177323,0.014319624908202933,0.026737861758223014,0.040697634929319326,-0.018181801105005113,-0.00027000970514656775,0.020304548869091166,0.0,0.0
2023-08-09,-0.019662902912336522,-0.09655179331050101,0.009411913004939487,-0.028124971711078306,-0.03351952182022866,-0.03703707519273092,0.008371704807181635,-0.03980101656463497,0.0,0.0
2023-08-10,-0.09885387612248864,-0.10687022275576219,0.0,0.02465159746376311,0.19653174012761054,0.05128208067290285,-0.008034360879506153,-0.06735751231330078,0.31428576050972534,0.0
2023-08-11,-0.022257530577846296,0.07692310827331861,0.0,-0.03242678411225508,0.024154567115350467,0.04268295918455611,0.007559415250195212,-0.03888885283175714,0.010869554654186597,-0.01447370625709532
2023-08-14,-0.06178863553630809,0.011904750641601458,-0.0396269622185802,0.022702564771722278,-0.07075465332362263,0.05555550133430742,0.008306544683340578,0.040462388711583364,0.07526880893449261,0.0
2023-08-15,-0.01213174556200547,-0.01960782480441492,-0.02427191099874837,0.029598435268251455,0.05583750939000054,-0.0221606443298612,-0.0029232222869274294,-0.02222220161814692,0.029999971389770508,0.00600799779649841
2023-08-16,-0.017543843505051004,-0.02799997329711912,-0.0004976263013219961,0.0,-0.024038439495322916,0.0,-0.0005330051523831925,0.0,0.009708728874782357,0.0
2023-08-17,-0.035714252262698754,0.03292177839847277,-0.003982037043740672,0.0,0.0,-0.016997151066808325,-0.010400147878622756,0.0,0.0192307515962582,-0.0006634608511691953
2023-08-18,-0.040740789471011896,-0.01593623984263237,0.04947529145086693,-0.00821361795518083,-0.014778311237724773,-0.025936574474714758,0.023713472114293754,-0.028409063970007975,-0.00943395377648304,0.09561759283754512
2023-08-21,0.036679548941490614,0.02024289544013369,-0.018095317986266735,0.009316761908231275,-0.02499997615814209,0.02366861567970302,0.0,-0.03508775476628012,0.16190484191825694,-0.03272738728410951
2023-08-22,-0.016759716511867695,-0.039682502138671416,-0.0227933490861002,-0.015384491801958222,-0.020512861581634567,0.08092484633026964,-0.015530532043530831,-0.08484847740474577,0.0491802798135097,-0.021303284370789877
2023-08-23,-0.005681857692471315,0.0041322273338813,0.0,0.0020834057436598385,0.00523559719267741,-0.04812835997278453,0.0,-0.03973506169436036,-0.007812492724042275,-0.06658131115159116
2023-08-24,0.0019048055013020093,-0.053497988012157216,0.0,-0.02079007272744715,0.0,-0.030898847433671772,0.0029411995479677877,-0.0689655314160863,-0.07874017743599027,0.04869692335887654
2023-08-25,0.0,0.01739128812274293,0.04218364856665091,-0.004246318113155456,0.0,0.002898547920302308,0.0013330267445825772,0.02222220063700142,0.042735105435526055,0.0
2023-08-28,-0.04182514400300241,0.004273500354724069,0.0,-0.0021322703016907196,0.06770833236320573,-0.008670511866767816,0.0002660603868391842,0.014492739851898806,0.00819671330225158,0.0
2023-08-29,-0.05555550299414003,0.03404262356220911,-0.039047620401704286,0.0018163369918360317,-0.02439022120941492,0.0,0.0,0.07142858967489163,-0.03252029368516418,0.0
2023-08-30,-0.07352948836978201,0.008230444599618192,0.0,-0.002879291276725704,0.029999971389770508,-0.00583089811581905,0.0,-0.019999980926513672,0.0,0.0
2023-08-31,-0.029478376893832925,0.024489772086439876,-0.003964277433262775,0.010694984057640466,-0.014563093312173536,0.011730193796544386,0.0,0.020408143405366452,-0.0672269235870494,-0.01831261227103942
2023-09-01,0.00700928306088433,0.0,0.0,-0.025396915862533787,0.00985220749181659,0.057971027512881745,0.0002665173747162797,0.07333334287007642,-0.018018000602490147,-0.023984096181717818
2023-09-05,-0.018561467463607983,-0.035856539645922725,0.02089542388582899,0.01954407449564277,0.06829273568811045,0.0,0.0005319430144570259,-0.06832298964456307,0.09174313832990855,0.0075085083983919
2023-09-06,0.016548503864241004,-0.012396682001644121,-0.0009744663014565891,-0.011714655453528122,0.018264822286715,-0.024657575407222243,0.007978910776850423,-0.019999980926513672,0.0336134117055904,-0.01016255649380915
2023-09-07,0.02093015622293537,0.0,-0.02439051794154179,0.03523717782562086,-0.02242150308907087,-0.036516819694339286,-0.0023747359733262696,-0.04761908237394186,0.008130073421291018,0.026694082582958245
2023-09-08,0.0,-0.06276154342405171,0.025000287912413155,-0.031643533276980995,-0.013761454344538682,0.05539353210028075,-0.010579179338527589,0.0,0.016129016752173708,0.015333175838754265
2023-09-11,0.0,-0.06696432800393304,-0.034146454631414525,0.04213688693089912,0.013953474446076086,-0.013812141960485746,-0.0040097696462759735,-0.014285700905079524,0.04761909717695367,-0.0013129817281849476
2023-09-12,0.03872439213307732,0.02870822184792665,-0.002020233572003649,-0.004641563366807211,-0.05963307819265162,-0.028011178292021377,0.0013419708761774896,0.057971045791138875,-0.03787884055965873,0.0013147079156561325
2023-09-13,0.061403555553045885,0.02325579074346007,0.0,-0.03523316373248753,0.048780558720578515,0.02305473286641302,0.0008041672144873946,-0.04109593179530491,-0.1338582359352748,-0.02757707102684248
2023-09-14,0.04338843626578992,0.022727250560256484,0.02479774306745397,-0.001074151237866805,0.004651158148692103,-0.0028168987598808926,-0.007498680180037187,0.15714288025486267,0.0,0.0
2023-09-15,-0.09702974840561718,-0.057777828640408035,0.0,0.004301109753919619,-0.013888875091517927,-0.06497175750055428,-0.0018889408095854598,-0.08024691040060572,0.018181800448205276,-0.012829243955440162
2023-09-18,-0.004385960784535126,-0.11792447843683773,0.0019752339053982215,0.01970027951259845,0.0,-0.030211452072894662,-0.0024330506370422444,-0.06711410953141472,-0.017857125751218117,0.0
2023-09-19,-0.03964753961477019,-0.06417112538095182,-0.024149887852771834,-0.03401932992768286,0.0,-0.006230523579077274,-0.007588203502573498,-0.043165426904336224,-0.04545460949259217,0.0
2023-09-20,-0.0022936304072485036,0.11428574153355187,0.02525248880475428,0.0,-0.037558759542899,-0.040752386241080796,0.003550059927498017,-0.03759403752797941,-0.00952380087370197,0.0
2023-09-21,0.0,-0.08205132406060334,0.0,-0.04347831410811542,-0.04878044241882984,-0.00653594160147164,0.01088442934951206,0.023437478172126713,0.009615375798129211,0.0
2023-09-22,0.0,0.03910617538763672,0.034482773111494947,-0.0113635442319735,0.02051280044866699,0.02302629411880952,0.003230202268453608,0.0381679951981404,-0.00952380087370197,-0.008207727089147632
2023-09-25,0.0022989032416267374,0.04838711434753651,-0.011904846535088831,0.01724117625768007,-0.030150784774517714,-0.14790990843882967,0.0,-0.0808823626088847,-0.06730763058690403,0.0
2023-09-26,0.0,0.0,0.0014657451825486056,0.0,-0.0621761699635448,0.03773581171086837,-0.01395236744958317,0.08000001907348642,-0.1340206711359908,0.0
2023-09-27,0.002293521040931168,0.12307692495793754,0.0004877982196442865,0.07457645035997373,0.0,-0.14181821996515442,0.0,0.0,0.023809572804273094,0.0
2023-09-28,-0.0022882728390274387,-0.0867580147288245,0.053144595249994486,0.0,0.0,-0.04661012711246704,0.008707629804877826,-0.08888889085118168,-0.034883756389998966,0.0
2023-09-29,0.002293521040931168,0.2250000238418579,-0.025462912908613133,0.0,0.0,-0.004444440205891964,-0.0026976977142953995,0.008130073421291018,0.07228916095257998,0.0
2023-10-02,0.0022883819550847395,0.008163257362146625,-0.0004749530244273492,-0.006098852172555347,0.02209949299826519,0.004464281437804418,-0.005950817317588508,0.0,-0.01123594452133514,-0.026206973203039996
2023-10-03,-0.00456620557167875,0.10931173190246146,0.0038021296645909253,-0.03195086256908841,-0.016216200542241155,0.057777828640408035,0.0,0.008064508376086854,-0.02272725117600638,0.007790343037960223
2023-10-04,0.0068806724891106175,-0.09489050713806946,-0.02935586505156018,0.045355065223695146,0.03846150067330312,0.10084023511677098,0.0040816744943901195,0.039999961853027344,0.03488368708227374,-0.025298683504044517
2023-10-05,0.009111608899671664,-0.008064508376086854,0.002438888468677902,-0.04025091455898033,0.021164001140624666,0.007633671839197387,-0.004065082152251764,0.023076993614966845,0.2022472692700814,0.004325848856498116
2023-10-06,-0.013544005666935366,0.11788616152684028,0.0,-0.0017429099689354466,-0.015544027049267939,0.07575750049918883,0.009523835215853538,0.0,0.037383140086171496,0.0
2023-10-09,0.006865036749196918,-0.0036363601684570312,0.007299171429633322,0.009384570589572094,0.0,-0.014084494035883521,0.0016173313444929338,-0.05263161668675442,-0.018018000602490147,0.0
2023-10-10,-0.009090900224102638,-0.02189778925938224,0.0,-0.051891841735171695,-0.02105261176576878,-0.035714252262698754,0.0,0.04761909717695367,-0.08256883543354943,-0.0007178319496959906
2023-10-11,0.0,0.029850717057203102,-0.00966160448556852,-0.0364879493892577,-0.016129016752173708,0.007407400212333881,-0.010764336280900455,0.045454500299513256,-0.050000011920928955,-0.025861938389770578
2023-10-12,0.002293521040931168,-0.036231849629747126,0.0,0.050887496806743426,0.027322377674172005,0.022058802260453536,-0.0002720663677964197,-0.014492739851898917,-0.04210522353153756,0.0
2023-10-13,0.0,-0.09774435416307958,0.009755861763341755,-0.018017979377317972,-0.037234070547677245,0.22661874853400454,0.0016327345417073147,-0.05147062626161336,0.04395600076948947,0.0
2023-10-16,-0.0022882728390274387,0.09583333747254463,0.0,-0.034403817595043074,0.0,0.002932548449136041,-0.003803431998126383,0.0,0.0,-0.11209456694087405
2023-10-17,0.027522908689077363,0.011406832731696515,0.0,-0.0023753159798437506,0.027624349782459534,0.20467830223667294,-0.0035448947729672664,0.10852712390299724,0.042105286273269815,0.06976749831144535
2023-10-18,0.029017882564162045,-0.06766919584552955,0.0,0.0,-0.0268817586779716,-0.002427124350106835,0.0019154965406567026,-0.04895100406320296,-0.010101000370632551,0.0
2023-10-19,-0.021691952654312452,-0.008064508376086854,-0.00966160448556852,0.0011905815629795757,-0.08287291762440252,-0.017031671383796465,0.0038241021337697134,0.0,-0.020408204226431526,-0.02950303335990867
2023-10-20,0.008869170692469064,-0.036585427313929775,0.0,0.0011889744056037266,0.024096434859411042,0.027227756077490284,0.0,0.06617649443524898,0.031250032984341924,0.0
2023-10-23,-0.0021978524093689833,-0.09704632563754334,0.009755861763341755,0.06175764208206447,-0.03529415312110251,-0.002409693651091449,0.0,0.14482752553915068,-0.010101000370632551,0.0
2023-10-24,-0.011013257963653267,-0.023364573964402724,0.0,-0.07046979946315013,-0.018292665641127526,0.007246427723635707,0.0,0.07228916095257998,-0.04081634763179798,0.0
2023-10-25,0.006681561545130776,-0.014354053886023399,0.0,0.009627098021872227,-0.006211174145593357,0.03836926726253398,-0.006802646948536606,0.016853916782002765,-0.01063828775385156,0.0
2023-10-26,-0.004424774559935729,0.16990298678304572,0.0,-0.010727045502411992,-0.03750003818422498,0.10623557650164073,0.0,-0.13812155132783344,-0.021505355669564907,0.02080008376948661
2023-10-27,0.004444440205891853,0.008298746976857396,0.03381647962229706,0.0012046672761851784,0.019480578793626746,-0.004175361395781008,-0.030136894622289523,-0.03846150319251662,0.09890106723095893,0.07241785296254322
2023-10-30,0.0,0.02057611149904548,-0.03551393360918098,0.01564389710877201,0.0,-0.06498950608367238,0.003389775067252243,0.1866666475931804,-0.050000011920928955,-0.09446494431168861
2023-10-31,-0.02876108738705574,-0.004032254188043427,0.0,0.03104282000597469,-0.00636949639391915,-0.02017940623724379,0.027590049732580946,-0.03370783356400553,0.021052674507501035,-0.016300071110491143
2023-11-01,0.013667413349507385,0.09716599463838138,0.01744192980354886,-0.023213156495377252,0.006410326948300238,-0.0022882728390274387,0.0027398263385987054,-0.10465119986227167,-0.04123713430708065,0.0
2023-11-02,0.01573037632847374,0.022140199975999808,-0.022857332351777893,-0.017647104486048115,0.03184710232218935,0.036697211585436484,0.0,-0.012987000923330161,0.02150535566956502,0.0
2023-11-03,0.004424774559935729,0.08303249843220417,0.016081962932086302,0.007185686216362175,0.03086416800562497,0.07743360754634887,0.006830308758343229,0.026315764707210976,0.021052674507501035,0.008285125812232286
2023-11-06,0.008810564358837869,0.09999998410542799,-0.04076754120199522,0.07110583613572596,0.023952144964210387,0.0,-0.0027135888536238273,-0.08974358386541947,-0.020618597877583134,0.04026297606300577
2023-11-07,0.0021834561241091954,-0.05151510313084784,0.0040001569514060975,-0.020759486735750565,-0.017543912239656678,0.016427089442707654,-0.007932105176548632,0.035211319039915256,0.042105286273269815,0.0
2023-11-08,0.030501059222549864,-0.10543135784631708,-0.0064741208570314734,0.23716142770769344,0.023809572804273094,-0.002020152006058873,-0.01350980653629863,-0.04081636790548637,-0.02020200074126499,0.0
2023-11-09,0.07822407696978351,0.01071427567880967,0.002506126373774231,0.052781096641814296,0.05813954777818142,-0.008097158176053498,0.0,-0.014184383971608927,0.020618536429497514,0.0
2023-11-10,-0.10784308317302416,-0.02826852503984878,0.0,-0.015580018310646704,0.016483500288558606,0.00204076568368472,0.026271726522565597,-0.09352517738814159,-0.06060606243050637,0.03554492793496289
2023-11-13,-0.0021978524093689833,0.02545452117919922,0.0,-0.05747126763890209,-0.03783786570268233,0.024439993100913826,-0.02559919156263335,0.0793650988878909,0.010752677834782398,0.022120645091862956
2023-11-14,-0.041850233219585586,0.05319152443913078,0.0,-0.03846156555846658,0.022471956014182393,0.017892578925789326,0.02291787032667525,0.12499996712979189,0.01063828775385156,-0.03283583424951919
2023-11-15,0.0,-0.023569000864809175,0.0,0.1170731569456962,0.010989000192372256,-0.005859322976901948,0.0027322265954470293,-0.09150326033517286,0.07368420392192299,-0.0007717357618859388
2023-11-16,0.0022989032416267374,0.03448272460139301,0.0005002037107224577,-0.02838437604184485,-0.07608694736696164,-0.001964681450304373,0.017983689361966926,-0.057553988301194736,0.08823532849172189,0.02316612300690779
2023-11-17,0.01376145434453857,0.0,-0.000499953632060568,0.018337100722125355,0.02352938866532872,0.003937004178520276,-0.028372678908826443,-0.030534323358943016,0.036036001204980295,0.0
2023-11-20,0.009049764968910745,-0.013333320617675781,0.012000260463593593,0.035395879289652266,-0.0057471209243954435,0.04117647883801334,0.0024795220711697485,-0.047244050142243865,0.008695644061371466,0.0
2023-11-21,-0.02017940623724379,-0.033783831676485354,-0.016304437650640047,0.020545584658477223,0.005780341244511877,0.016949181460966134,0.001099175699533328,-0.01652890933552542,-0.043103408409496224,0.0
2023-11-22,0.018306619176448713,0.041958086845887976,0.009542919838860353,-0.008019247556413589,0.0,-0.009259294417005237,-0.011803571111431599,-0.03361351188145911,-0.018018000602490147,0.0
2023-11-24,0.008988755857864295,-0.006711402952518042,0.0,0.019368371104405036,0.022988483697581552,0.029906603196520276,0.0,-0.008695644061371466,0.045871514481795606,0.0
2023-11-27,0.020044578435574723,0.04729725158153664,-0.012437852345368428,0.009500138176415263,0.022471956014182393,0.052631569837861436,0.000277798294548548,0.16666671895144347,-0.08771932026025686,-0.039999996879838906
2023-11-28,0.004366808135300104,-0.04838705211722627,0.0,0.031096593331000788,0.0,0.010344817380417926,0.0013883866110582233,-0.135338391691059,-0.0096153757981291,0.022012655015736016
2023-11-29,0.015217428937526867,-0.11525428714987729,0.006045470655969387,-0.003968221868246302,-0.010989065691980104,0.003412965950654101,0.01220191292981343,0.0,0.009708728874782357,0.0
2023-11-30,0.08565312394702707,-0.10727968683672706,-0.005508398239756795,-0.019920242432366453,0.011111167036458314,-0.0051020763987182915,-0.017534245864653353,0.0,-0.02884612739438741,0.0
2023-12-01,-0.01972394045047099,0.03433483465415188,0.0065457326778666225,-0.002439196289881651,0.010989000192372256,0.0324786427893784,0.017568409910055705,-0.008695644061371466,0.029702942250534603,-0.00615401470253385
2023-12-04,-0.024144847208223852,-0.004149373488428698,0.009504835826902536,-0.08769350817052957,0.02717388663546627,-0.004966843238520147,0.0,-0.008771921569070362,-0.0096153757981291,0.0015479302812202445
2023-12-05,-0.010309219563065741,-0.012500086923436848,0.0014864961654801334,0.026442833915620856,0.01587300085546861,0.0033277837212719596,-0.01342835507785689,0.0,-0.05825237324869392,0.0
2023-12-06,0.0,-0.054852271012524545,0.009401369423359895,-0.03751095877223276,0.010416719053562673,0.0033167463069041503,0.007500006027181927,-0.008849549119871458,-0.010309329662834377,0.0
2023-12-07,0.06041665631863857,-0.031249970064631705,0.0,0.01274984271520374,0.025773170536872003,-0.018181839677106404,0.0,-0.026785688626827175,0.031250032984341924,0.0007728488209144402
2023-12-08,-0.011787807658323102,-0.03225814248860648,-0.001960654892355307,0.05267848735295377,0.005025120811725348,-0.038720541558565524,0.031155241497336394,0.0,0.0,0.0
2023-12-11,-0.08349901764913603,-0.08571426462964848,0.0,-0.02247668502793132,-0.004999995231628418,-0.08756567367068913,0.014705807894348277,-0.018348605792718242,-0.06060606243050637,0.0
2023-12-12,0.03470712424689992,0.08854164629398498,0.013944266541314088,0.017787433679033127,-0.020100483246901613,-0.011516303712136078,-0.028985466568617002,-0.009345896432088385,0.032258033504347416,-0.022393711397875826
2023-12-13,-0.058700253863305685,-0.03827747702939566,-0.01129677489642722,0.022165428597352266,0.015384600336500354,0.052427179791586065,0.04450471775123832,0.02830197379104904,-0.0416666278615585,-0.03870461315021101
2023-12-14,0.002227222581649535,0.06965179381513731,0.019870976520241834,0.01251050289517508,-0.02020200074126499,0.023985260629333593,0.0,0.009174302896359121,0.03260866396255957,0.0
2023-12-15,0.0,-0.018604743487125486,0.04676074957727372,0.03789117054862268,-0.015463963770208755,0.007207200086191579,0.00025982694193227296,-0.06363640994079744,0.0,0.19556282034209693
2023-12-18,0.011111153496636383,0.01895744182953618,0.0013959956225717551,-0.015079294189032422,0.015706853991273695,0.03935595423728233,0.0,-0.009708728874782357,-0.03157891764865317,-0.02542953378501389
2023-12-19,-0.010989052448102776,0.018604632594767967,-0.0032526536887064195,0.008057951964729915,0.03092780464424627,0.05679861049158297,0.035324723392050617,-0.00980391240220746,0.0,0.05148101713023623
2023-12-20,0.0022222730848524552,-0.041095959012037,-0.055477973860192376,-0.015187778217546688,0.1499999761581421,0.09446253034497776,-0.0005018921661273934,0.19801985106156472,-0.010869554654186486,0.002682663567439292
2023-12-21,0.028824751886097122,0.05714291877487354,0.0,0.02272719158016323,0.0,0.04166669918904331,0.015060364742249366,0.12396691853651198,-0.010989065691980104,-0.04080261542251151
2023-12-22,0.0,0.004504500150622537,0.0,-0.023809416358971824,0.004347822030685622,-0.015714304787772027,-0.0002472006284788275,0.11764703304297397,0.011111167036458314,0.0
2023-12-26,0.019396585167589242,-0.00896860123562837,0.0,0.034552867512319896,0.0216450015388836,-0.05660375530377537,-0.029186156581480382,0.059210549018389846,-0.05494506646146946,0.0
2023-12-27,-0.021141628801125578,0.027149294906732013,0.07058253969408201,0.005893819019184621,0.0,-0.021538440997783903,-0.019108481917335163,0.012422348291186713,0.0,0.0
2023-12-28,-0.02807777780295273,0.035242257435351254,-0.007837825789230646,-0.004921853423148215,0.0,0.023584920160142353,0.02571423857844879,-0.030674817461688986,0.05813954777818142,0.0
2023-12-29,0.004444440205891853,0.0,-0.0009293020765919202,0.0025909417697229653,-0.008474568565903118,-0.018433234743042592,-0.012408222797759216,-0.10126587435748646,0.10989006742333118,0.0
