,lag_1d,lag_5d,lag_21d,lag_63d,lag_252d
2020-01-03,0.9999787207908705,0.9994806202575662,0.991614230888109,0.9417366023526856,
2020-01-06,0.9999787564294029,0.9994810343523048,0.9916718299290926,0.9411112002014275,
2020-01-07,0.9999789111940437,0.9994815052295685,0.9917454201521488,0.9404158995754208,
2020-01-08,0.999978984650192,0.9994824857631093,0.9918146280785399,0.939683853763366,
2020-01-09,0.9999789555459316,0.999482842325489,0.9918781462311457,0.9388648950473761,
2020-01-10,0.9999790066698014,0.9994845038275965,0.9919538488145823,0.9379731317822879,
2020-01-13,0.9999790129089189,0.9994866984810423,0.9920175578939572,0.9370049293265568,
2020-01-14,0.9999790545929694,0.9994885549034155,0.9920721578241547,0.935958946342182,
2020-01-15,0.9999790778688609,0.9994909885021115,0.9921153853063835,0.9348513161755592,
2020-01-16,0.9999792716298025,0.9994932591394066,0.992150500584401,0.9336632442504746,
2020-01-17,0.9999792679625199,0.9994953605688783,0.9921663576621275,0.9323956347041733,
2020-01-21,0.9999793449441958,0.9994993105347298,0.9921737852948467,0.9310886641358087,
2020-01-22,0.9999795210298815,0.999502917331579,0.9921631493483738,0.9297029250512051,
2020-01-23,0.9999796935898975,0.9995031058832563,0.9921353231205299,0.928258795285848,
2020-01-24,0.9999796018510674,0.9995002313038348,0.9920840192400979,0.9267390170353111,
2020-01-27,0.9999795424560912,0.9994990682060119,0.9920348783119588,0.9251797976488465,
2020-01-28,0.9999794303585332,0.9995019798280642,0.991993981910207,0.9235876445591192,
2020-01-29,0.9999794367575066,0.999506278991616,0.991952426983974,0.9219937835776397,
2020-01-30,0.9999795196965764,0.9995118747667362,0.9919191661633265,0.9203423745295651,
2020-01-31,0.9999795823690923,0.999512465869939,0.991876241046878,0.9186432143890634,
2020-02-03,0.9999795400994699,0.9995089328110359,0.991823309623202,0.9169018824434143,
2020-02-04,0.9999794280606666,0.9995087167729777,0.9917625086459515,0.9152079891692636,
2020-02-05,0.9999795636047583,0.9995026798738877,0.9916983248397103,0.9134805919268405,
2020-02-06,0.9999791578626173,0.9994960276429158,0.9916353577810235,0.9116411034997276,
2020-02-07,0.9999792098192206,0.9994899472673304,0.9915767452765876,0.9097873315591237,
2020-02-10,0.9999789377877494,0.9994822381871669,0.9915510530279031,0.9079015192135381,
2020-02-11,0.9999787736805414,0.9994787279986027,0.9915313968284454,0.9060304933433891,
2020-02-12,0.9999785707763582,0.9994748859585395,0.9914933554996499,0.9041316402991975,
2020-02-13,0.9999784485848779,0.99947157992243,0.991446073124771,0.9022313418657663,
2020-02-14,0.9999782837049438,0.9994671052349602,0.9913498355719648,0.9002723162836859,
2020-02-18,0.9999783229152976,0.9994648338960384,0.9911875164382453,0.8982022517444702,
2020-02-19,0.9999781754047463,0.9994654495813577,0.990963044085978,0.8960910083388212,
2020-02-20,0.999978204275034,0.9994698067403894,0.9906424539503909,0.89392141602965,
2020-02-21,0.9999780899590396,0.9994695229486089,0.9902400434506358,0.8917084549523598,
2020-02-24,0.9999780105246573,0.9994715214654821,0.989756594092986,0.8894494742856268,
2020-02-25,0.9999780881179571,0.999464188218314,0.9891970503437584,0.88714675380033,
2020-02-26,0.9999776755429326,0.9994471347315492,0.9885902231246732,0.884939948730776,
2020-02-27,0.9999773667463772,0.9994249452516629,0.9879447165785847,0.8828365995706073,
2020-02-28,0.9999765561939316,0.9993920385738282,0.9872227734190187,0.880695232193043,
2020-03-02,0.9999753256871213,0.9993653950120729,0.9865410071531729,0.8788279300202542,
2020-03-03,0.9999732981441514,0.9993465896008553,0.9858464969318663,0.8770425182825827,
2020-03-04,0.999973327521478,0.9993441890089028,0.9851527478902962,0.8753672643374684,
2020-03-05,0.9999730379924352,0.9993239879338466,0.9844032012805161,0.8736872413703003,
2020-03-06,0.9999725646925505,0.9992838711620153,0.9836410285814916,0.872124534792008,
2020-03-09,0.9999723680505662,0.9992175766845717,0.9828578177343766,0.8706384836504294,
2020-03-10,0.9999672118465073,0.9991127178024032,0.9820527979324787,0.8691765728931361,
2020-03-11,0.9999658176077637,0.999027313478272,0.9814557776524758,0.8683415842902812,
2020-03-12,0.999963042390409,0.9989270757770279,0.9808650033125191,0.8675950159196283,
2020-03-13,0.9999541721093941,0.9988182354750343,0.980373478372921,0.8672006355892221,
2020-03-16,0.9999508342942129,0.9987693912481979,0.9801273574460151,0.867468061149737,
2020-03-17,0.9999457666607132,0.9987257534550952,0.9799520962844976,0.8679842529424251,
2020-03-18,0.9999462615104,0.9987183906469901,0.9799580008949174,0.8689789115917743,
2020-03-19,0.9999445716193427,0.998712116931931,0.9800072161442346,0.8700770820031527,
2020-03-20,0.9999455629470414,0.9987228624846667,0.9801701133171412,0.8714664499658236,
2020-03-23,0.999946643394715,0.9987370853960866,0.9803600901938543,0.872897953692254,
2020-03-24,0.9999484795882422,0.9987512492637118,0.980559408084735,0.8743382327639324,
2020-03-25,0.999948440182235,0.9987590523195875,0.9807375586617277,0.875732997607198,
2020-03-26,0.999949061069369,0.9987735254048409,0.9809510534453405,0.8772256100251092,
2020-03-27,0.9999497889618052,0.998786328499109,0.9811609233722915,0.878699598168965,
2020-03-30,0.999950398339613,0.9988011779672527,0.981372758528032,0.880167511204903,
2020-03-31,0.9999510622698347,0.9988166293210754,0.9815854644756666,0.8816326381422933,
2020-04-01,0.9999517420508811,0.9988337732058172,0.981797167392067,0.8830705810173447,
2020-04-02,0.9999519861954123,0.9988491272725468,0.982000680443685,0.8844857073341944,
2020-04-03,0.9999529678185184,0.9988678193441466,0.9822163504261627,0.8859165613678739,
2020-04-06,0.9999537239721868,0.9988844540180327,0.982418555163483,0.8873154718054657,
2020-04-07,0.9999543453758113,0.998898468762498,0.982609072000972,0.8886865210226018,
2020-04-08,0.9999550511779627,0.9989123437978977,0.9828008960266363,0.8900715257552115,
2020-04-09,0.9999557853684392,0.9989244056628046,0.9829846591452231,0.8914235827146118,
2020-04-13,0.9999563593249892,0.9989339212030472,0.9831666751849039,0.8927468331140161,
2020-04-14,0.9999566341253614,0.9989437401643204,0.9833448392865571,0.8940522515804565,
2020-04-15,0.9999570029767761,0.998956131348498,0.9835337465759681,0.8953535662026993,
2020-04-16,0.9999575765721089,0.9989695080763958,0.9837189209715165,0.8966471304739903,
2020-04-17,0.9999578272511291,0.9989812481914278,0.9838969531563266,0.8979243297819957,
2020-04-20,0.9999584598573614,0.9989941038988347,0.9840724836228938,0.8991963160384785,
2020-04-21,0.9999591606502372,0.9990055420047191,0.9842472422032827,0.9004487590019383,
2020-04-22,0.9999597398840755,0.9990152370217364,0.9844170565209374,0.9016682253851303,
2020-04-23,0.9999599492436906,0.999023461896295,0.9845842853987159,0.902862015214844,
2020-04-24,0.9999602903789141,0.9990327625251602,0.9847518109733469,0.9040518930162597,
2020-04-27,0.9999607735614082,0.9990427018976304,0.9849196566464284,0.9052384310017174,
2020-04-28,0.9999608964684489,0.9990518817274956,0.9850817410679136,0.906390318428821,
2020-04-29,0.9999613376019811,0.9990625828874392,0.985249860384215,0.9075480596549494,
2020-04-30,0.9999618585223955,0.9990722543166933,0.9854151591085614,0.9086948913727657,
2020-05-01,0.9999622546750246,0.9990799038285854,0.9855725676861373,0.9098279312828356,
2020-05-04,0.9999626497279233,0.999085951446603,0.9857255456872666,0.9109578081140246,
2020-05-05,0.9999628809595167,0.9990919960316725,0.9858766406631648,0.9120918214238367,
2020-05-06,0.9999631181413878,0.9990972687194618,0.986038538334201,0.9132316085601709,
2020-05-07,0.9999629788562805,0.9991036266850688,0.986199862132529,0.9143768995462389,
2020-05-08,0.9999633121420353,0.9991127377863813,0.9863776368766501,0.9155648684234126,
2020-05-11,0.9999637711829423,0.9991220232445781,0.9865579333196677,0.9167624568022826,
2020-05-12,0.9999639864885166,0.9991309876879788,0.9867385443974013,0.9179620267888609,
2020-05-13,0.999964582566538,0.9991427529513601,0.986922691075469,0.9191654032947509,
2020-05-14,0.9999649961223394,0.9991556833070354,0.9871101511404281,0.9203719292927219,
2020-05-15,0.9999655502499862,0.9991688953849529,0.9872966832020482,0.9215621676417927,
2020-05-18,0.9999659030273809,0.9991801574861362,0.9874719071877694,0.9227490053862799,
2020-05-19,0.9999663952760512,0.9991908594807845,0.9876443664878027,0.923915656642806,
2020-05-20,0.9999667750381496,0.9992019253452952,0.9878192051807116,0.9250791898883715,
2020-05-21,0.9999672317713344,0.9992140042969976,0.9879979496956126,0.9262443030925532,
2020-05-22,0.999967828204983,0.999227578998293,0.9881790131284692,0.9274042187507145,
2020-05-26,0.999968355688554,0.9992393855141481,0.9883540426052491,0.9285222276394616,
2020-05-27,0.9999689489099205,0.999250233507404,0.9885242791141027,0.929585484746533,
2020-05-28,0.9999694099481551,0.9992599777763465,0.9886907675517796,0.9306595643158764,
2020-05-29,0.9999697186526249,0.9992708823476171,0.988852911810238,0.9317250392820211,
2020-06-01,0.9999701783919561,0.9992827988154876,0.9890196635134824,0.9328169427501712,
2020-06-02,0.9999706250031792,0.9992937318248825,0.9891797735060388,0.9339238712261889,
2020-06-03,0.9999710466532903,0.9993043291392586,0.9893390364996748,0.9350168163189716,
2020-06-04,0.9999717040047156,0.999314363853135,0.989494901630689,0.9360655115868549,
2020-06-05,0.9999719514213231,0.9993230372459417,0.9896480678516424,0.9371025580550316,
2020-06-08,0.9999723358806928,0.9993336362860006,0.9898041817805713,0.9381259544257294,
2020-06-09,0.9999727910028348,0.9993443868384594,0.9899596668004742,0.939132655822057,
2020-06-10,0.9999732123134263,0.9993535269747569,0.990111224096343,0.9402310888298001,
2020-06-11,0.9999734214387842,0.9993617239690205,0.9902567426115755,0.9412731500352975,
2020-06-12,0.999973920233931,0.9993707717414466,0.9904043561439467,0.9423999851409154,
2020-06-15,0.9999744096091218,0.9993793824651169,0.9905508461021362,0.943754609894154,
2020-06-16,0.9999745618569532,0.9993871418183252,0.9906944872392935,0.9450835735116376,
2020-06-17,0.999974960764795,0.9993963010563655,0.9908412246745211,0.9465149177553501,
2020-06-18,0.9999752664937976,0.9994050910727523,0.9909858217797489,0.9479271117147651,
2020-06-19,0.9999756336532265,0.9994148125651224,0.9911317614641083,0.9494593251455171,
2020-06-22,0.9999760595717128,0.9994245740145047,0.9912746083304128,0.950959792934968,
2020-06-23,0.9999764937959642,0.9994343368591722,0.9914140389870083,0.9524025482891911,
2020-06-24,0.999976909974119,0.9994431735153099,0.9915496863356413,0.9537595005136786,
2020-06-25,0.9999772218209636,0.9994518958499361,0.9916818673524866,0.9550620650373289,
2020-06-26,0.9999776252362372,0.9994609297753514,0.9918113901387895,0.9563121302511448,
2020-06-29,0.9999779946158784,0.9994696455345492,0.9919337732463909,0.9574993930673015,
2020-06-30,0.9999782414047097,0.9994781303858337,0.992053892059203,0.9586063988029685,
2020-07-01,0.9999785659313398,0.9994868782229509,0.9921735683798455,0.9596484732554436,
2020-07-02,0.9999789819788001,0.9994960498710624,0.9922938849271252,0.960622956910757,
2020-07-06,0.9999793652444178,0.999503792668446,0.9924110643105819,0.9615314114834774,
2020-07-07,0.9999796565919943,0.9995111252294627,0.9925252291409236,0.9623654362984071,
2020-07-08,0.9999800292738686,0.9995187948084028,0.9926372579994561,0.9631233248554683,
2020-07-09,0.9999803794219475,0.9995265236034465,0.992745128311208,0.9638375531591388,
2020-07-10,0.9999806428608676,0.9995334466953849,0.9928505990952508,0.9644786575163624,
2020-07-13,0.9999809436959681,0.9995401492293593,0.992953627707913,0.965059961670976,
2020-07-14,0.9999812028144288,0.9995462529111356,0.9930506665889214,0.9655856509460208,
2020-07-15,0.9999814161878042,0.9995521919250345,0.9931470013422582,0.966059500746728,
2020-07-16,0.9999816634815412,0.9995591824866823,0.9932429749430733,0.9664788258508817,
2020-07-17,0.9999820164493207,0.9995664161905071,0.9933405706576575,0.9668343793695002,
2020-07-20,0.999982266696539,0.9995733259193865,0.9934298526603802,0.9671220242850449,
2020-07-21,0.9999825366057833,0.9995798877427451,0.9935151362732301,0.9673495778813415,
2020-07-22,0.9999827748520584,0.999585343360325,0.993595660212376,0.9675128036867108,
2020-07-23,0.9999831054125362,0.9995906667036853,0.9936748976026394,0.9676145715706082,
2020-07-24,0.9999833927726058,0.999594891163662,0.9937438629247506,0.9676504299546169,
2020-07-27,0.9999835153577044,0.9995984208771151,0.9937999331099395,0.9676193746934056,
2020-07-28,0.9999834602312413,0.9996023825217233,0.9938647921973598,0.9675278084636357,
2020-07-29,0.9999837192938758,0.999608025277166,0.9939390443290622,0.9673917518032902,
2020-07-30,0.9999839756493396,0.99961210423404,0.9940221137809959,0.9672073791639462,
2020-07-31,0.9999841359413152,0.9996150797218357,0.994110380039642,0.9669633394205643,
2020-08-03,0.9999842191739263,0.9996178583484705,0.9941969898978069,0.9666843698062368,
2020-08-04,0.9999844218174387,0.9996215026920923,0.9942771352986608,0.9663538129781493,
2020-08-05,0.9999844033002864,0.9996237456711021,0.9943551440516314,0.9659695588590074,
2020-08-06,0.9999844420386493,0.9996272481445473,0.994430958448923,0.9655353974008097,
2020-08-07,0.999984750917965,0.9996322341003804,0.994505219326897,0.9650929979200374,
2020-08-10,0.9999849115215096,0.9996374841042004,0.9946078920707503,0.9645701704877432,
2020-08-11,0.9999851133592146,0.9996432138979254,0.9946861885323095,0.964018631119317,
2020-08-12,0.9999853165507738,0.9996483932463907,0.9947734300179027,0.9634345729262388,
2020-08-13,0.9999854833770012,0.9996538724809276,0.9949236852557916,0.9627524743790983,
2020-08-14,0.9999858424905117,0.9996598501953322,0.9950556243600497,0.96200805148592,
2020-08-17,0.9999860411121979,0.999664530447428,0.9951935079385867,0.9611971519195412,
2020-08-18,0.9999862316674448,0.9996675386877933,0.9953151697647759,0.9603232331957953,
2020-08-19,0.9999864893965016,0.9996716921677941,0.9954455264796984,0.9594251106824503,
2020-08-20,0.9999867027588575,0.9996743077962645,0.9955498081148413,0.9584804660313131,
2020-08-21,0.9999867668128041,0.9996780543379669,0.9956182194029196,0.9574828625160832,
2020-08-24,0.9999863398575155,0.9996796641290958,0.9956432771221447,0.9564266502630343,
2020-08-25,0.9999864388113303,0.9996793529074066,0.9956485058372866,0.9553191765587438,
2020-08-26,0.9999866929063581,0.9996737716527302,0.995624404089595,0.9542074008877113,
2020-08-27,0.9999864382980086,0.9996617750424679,0.9955561882456518,0.9530453315728578,
2020-08-28,0.9999862185065136,0.9996520875395081,0.9954747682239958,0.95186110410224,
2020-08-31,0.9999853132962555,0.9996453016656491,0.9953697016525539,0.950644502062514,
2020-09-01,0.9999852947290657,0.9996538204549056,0.9952474764807557,0.9494185269105185,
2020-09-02,0.9999854789412015,0.9996517301522807,0.9950862292079684,0.9481339210251604,
2020-09-03,0.999985393738494,0.9996467297572078,0.9948822219669421,0.9468246505703751,
2020-09-04,0.999985481551624,0.9996497102046303,0.9946320710049359,0.9454398746316985,
2020-09-08,0.999984065998737,0.9996348743939821,0.9943589049301835,0.9440189381826013,
2020-09-09,0.9999830686892455,0.9996339824481735,0.9940982695611993,0.9426350456211454,
2020-09-10,0.9999837203816244,0.9996239619146389,0.993807866595809,0.9412364849526165,
2020-09-11,0.9999823049776374,0.999602763571344,0.9934931400762133,0.9398678485210856,
2020-09-14,0.999980629608458,0.9995951826942817,0.9932361102637253,0.9386622180297216,
2020-09-15,0.9999800247896017,0.9995804546056131,0.9929816048367059,0.9375084327750582,
2020-09-16,0.9999798046480082,0.9995665836793177,0.9927740773406709,0.9364907943494183,
2020-09-17,0.9999803881124115,0.9995582382651436,0.9926105019352839,0.9355968100373075,
2020-09-18,0.9999801747682315,0.9995496812758274,0.9924929607130996,0.9348518839216435,
2020-09-21,0.9999803906569383,0.9995479187831242,0.992422053826688,0.9342266892389017,
2020-09-22,0.9999805567386625,0.9995476202798232,0.9923680310106506,0.9336424237755341,
2020-09-23,0.9999811804923736,0.9995453160821297,0.992319598461783,0.9330740751943023,
2020-09-24,0.9999810963344894,0.9995424633256726,0.9922795239851703,0.932522483280434,
2020-09-25,0.9999811695108826,0.9995402458451731,0.9922395759323895,0.9319603971497358,
2020-09-28,0.999981375927178,0.9995381785585813,0.992211351289189,0.9314010870510283,
2020-09-29,0.9999812894911477,0.9995349094466702,0.9921871183010457,0.9308293310000357,
2020-09-30,0.9999811547854833,0.999536223565505,0.9921656887385696,0.9302577024085341,
2020-10-01,0.9999811386522153,0.9995352645626313,0.9921502181759937,0.9296765738890028,
2020-10-02,0.999981015998061,0.9995342874452908,0.9921397602048952,,
2020-10-05,0.9999809277404389,0.9995326229379959,0.9921273867754044,,
2020-10-06,0.9999810269248505,0.9995312602891299,0.9921121614494952,,
2020-10-07,0.9999810042403243,0.9995312816933228,0.99212413353523,,
2020-10-08,0.9999809471014354,0.999531356471057,0.9921233251387571,,
2020-10-09,0.9999809094087997,0.9995310507112033,0.9921268755884477,,
2020-10-12,0.99998096506311,0.9995320787946727,0.9921366419924442,,
2020-10-13,0.9999808908314154,0.9995343975516973,0.9921206208981592,,
2020-10-14,0.9999810968156859,0.9995372116660868,0.9920962310287096,,
2020-10-15,0.9999811683970797,0.9995384601873687,0.9920545157543634,,
2020-10-16,0.9999813593881373,0.9995383907815929,0.9919979866377981,,
2020-10-19,0.9999814659352594,0.9995362948133976,0.9919444346086832,,
2020-10-20,0.9999814140540381,0.9995342866852421,0.9918824793355673,,
2020-10-21,0.9999813119199314,0.9995338359233351,0.9918153209832558,,
2020-10-22,0.9999811845706854,0.9995333203001833,0.9917370156567972,,
2020-10-23,0.9999810340841611,0.9995343688620004,0.9916491682508107,,
2020-10-26,0.9999809858074582,0.9995343189413495,0.9915648045532929,,
2020-10-27,0.9999811764672468,0.9995338807647312,0.9914786805980453,,
2020-10-28,0.9999810926101905,0.9995313466955456,0.9913824100685891,,
2020-10-29,0.9999811653344667,0.9995327604341911,0.9912799291610768,,
2020-10-30,0.9999809793571663,0.999531150454794,0.9911654533077366,,
2020-11-02,0.9999809799813051,0.9995309077251281,0.9910426429066674,,
2020-11-03,0.9999809095488685,0.999530042703528,0.9909192822807812,,
2020-11-04,0.999981281102988,0.9995199328285276,0.9907840698707399,,
2020-11-05,0.9999805115675775,0.9995035354399638,0.9906425345069505,,
2020-11-06,0.9999805615076247,0.9994858549114656,0.9905205465150427,,
2020-11-09,0.9999806431899185,0.9994632392062046,0.9903925688057629,,
2020-11-10,0.99997795667195,0.9994399389090217,0.99026928275768,,
2020-11-11,0.9999775391488949,0.99943653292339,0.990233002159831,,
2020-11-12,0.9999770992961778,0.9994348694595919,0.9902072574340042,,
2020-11-13,0.999976893467661,0.9994334192629715,0.9901816888576364,,
2020-11-16,0.9999772525664468,0.9994308793203558,0.9901510409262169,,
2020-11-17,0.9999771200372811,0.9994295023123346,0.9901165162481622,,
2020-11-18,0.9999769822854654,0.999430378933975,0.9900828585939957,,
2020-11-19,0.9999769443660516,0.9994323033188566,0.9900488032873376,,
2020-11-20,0.9999768404816625,0.999433118437523,0.9900080221792933,,
2020-11-23,0.9999772365441806,0.9994318429784828,0.9899606015319937,,
2020-11-24,0.9999772587997525,0.9994270868659763,0.9898946135343363,,
2020-11-25,0.9999769987518904,0.9994238899537868,0.9898200580214918,,
2020-11-27,0.9999770052433606,0.9994224801030027,0.9897528529000851,,
2020-11-30,0.9999767330983923,0.9994208702461662,0.9896803364659835,,
2020-12-01,0.9999765333399919,0.999420519030306,0.9896097188515633,,
2020-12-02,0.999976700996091,0.9994202341263906,,,
2020-12-03,0.999976600673769,0.9994217076717258,,,
2020-12-04,0.9999766186556207,0.9994218903791539,,,
2020-12-07,0.9999766437005361,0.9994202628062064,,,
2020-12-08,0.9999765284934826,0.9994155786291519,,,
2020-12-09,0.9999768173029857,0.9994082431993158,,,
2020-12-10,0.9999761330843938,0.999398539584662,,,
2020-12-11,0.9999760191511872,0.999394289204202,,,
2020-12-14,0.9999757946857863,0.9993900022331736,,,
2020-12-15,0.9999754830810074,0.9993856543286759,,,
2020-12-16,0.9999754651182127,0.9993817116552162,,,
2020-12-17,0.9999752981435953,0.9993756433074295,,,
2020-12-18,0.9999751360019841,0.9993681867625895,,,
2020-12-21,0.9999749124908074,0.9993609658113255,,,
2020-12-22,0.9999746917284271,0.9993541518656739,,,
2020-12-23,0.999974139828674,0.9993479424689614,,,
2020-12-24,0.9999738118204412,,,,
2020-12-28,0.9999735712906133,,,,
2020-12-29,0.9999734659508908,,,,
2020-12-30,0.9999733622577436,,,,
2020-12-31,,,,,
