,Ticker,Company,Sector,Industry,mcap_2019,mcap_2020,mcap_2021,mcap_2022,mcap_2023,mcap_2024,pe_2019,pe_2020,pe_2021,pe_2022,pe_2023,pe_2024,dy_2019,dy_2020,dy_2021,dy_2022,dy_2023,dy_2024,pscore_2019,pscore_2020,pscore_2021,pscore_2022,pscore_2023,pscore_2024,azscore_2019,azscore_2020,azscore_2021,azscore_2022,azscore_2023,azscore_2024,fcfyield_2019,fcfyield_2020,fcfyield_2021,fcfyield_2022,fcfyield_2023,fcfyield_2024,roic_2019,roic_2020,roic_2021,roic_2022,roic_2023,roic_2024,rg_2019,rg_2020,rg_2021,rg_2022,rg_2023,rg_2024,ndebitda_2019,ndebitda_2020,ndebitda_2021,ndebitda_2022,ndebitda_2023,ndebitda_2024,gpm_2019,gpm_2020,gpm_2021,gpm_2022,gpm_2023,gpm_2024,epsdg_2019,epsdg_2020,epsdg_2021,epsdg_2022,epsdg_2023,epsdg_2024,Country
0,OVBC,Ohio Valley Banc Corp,Financial,Banks - Regional,189678610,112983725,141165784,126070269,109782036,189678610,"19,06526638","11,01313243","12,08191756","9,446734645","8,694877682","10,42665424","0,0211775127","0,03559804723","0,02834666753","0,03746015492","0,04435237878","0,03642221059",5,5,5,5,5,5,"0,2724791027","0,2724791027","0,2724791027","0,2724791027","0,2724791027","0,2724791027","0,04511339643","0,08002037419","0,08502589274","0,111126502","0,1644252219","0,101706647","0,05769174776","0,05910685787","0,06179257457","0,07283271083","0,05613802728","0,0481917681","0,001582523437","-0,0449276109","-0,0186114258","0,05867047787","0,2893142719","0,1938411147","-0,847840935","-7,484822203","-8,001919631","-1,149182951","-4,399499434","-2,23947856","0,8580555412","0,8350865836","0,9399003225","0,9514348022","0,7593363224","0,6691029303","-0,1778656126","0,02884615385","0,1448598131","0,1428571429","-0,05357142857","-0,120754717",USA
1,NRIM,"Northrim Bancorp, Inc",Financial,Banks - Regional,247595040,211231200,258184239,310446400,315343600,247595040,"12,41218501","6,562144247","7,163416051","10,23188576","12,61625581","11,61039085","0,03314376904","0,04097939076","0,03493210862","0,03360797918","0,04247805399","0,03203511184",7,7,7,7,7,7,"-0,3743025674","-0,3743025674","-0,3743025674","-0,3743025674","-0,3743025674","-0,3743025674","-0,01502995166","-0,1840412055","0,4073713447","0,2361428684","0,1017831481","-0,02177530292","0,07616926503","0,1108022788","0,1237825318","0,1070715796","0,07875524901","0,1022201946","0,1150564643","0,3035958633","-0,02267144612","-0,01800261564","0,1779770098","0,2376994303","-2,053461411","-1,678432379","-11,62719424","-5,403043833","-2,447177754","-0,4326535452","0,9584283573","0,9394261803","1,002338002","0,9474796325","0,7944936397","0,7753163911","0,05923344948","0,6809210526","0,1741682975","-0,1216666667","-0,1480075901","0,4788418708",USA
2,ALOT,AstroNova Inc,Technology,Computer Hardware,96822040,75870600,97699500,93970600,120941880,96822040,"23,99343455","49,6751336","59,64261682","15,40273448","36,38397219","27,8496911","0,01405998354","0,02256846531","0,00648985024",0,0,0,4,4,4,4,4,4,"2,251731634","2,251731634","2,251731634","2,251731634","2,251731634","2,251731634","0,005346139629","0,003639336698","0,1691931379","-0,004059614531","-0,03269028665","0,08780931479","0,06767673684","-0,03774713049","-0,020876391","0,002231627593","0,01075878645","0,05888093055","0,2050775566","-0,02349678392","-0,1304872383","0,01247059026","0,2132022472","0,03900313625","0,8098440022","2,854307675","1,546577947","0,6076363636","2,602047917","1,374117828","0,3951425833","0,3653762571","0,3564503202","0,3723101805","0,3378728241","0,3625258296","0,7234042553","-0,7037037037","-0,25","3,888888889","-0,5909090909","0,75",USA
3,AEHL,Antelope Enterprise Holdings Ltd,Industrials,Building Products & Equipment,167428134,7809024,38032800,6295300,7328050,167428134,"-121,0323529","-2,463817292","-2,722058645","-3,347638897","-2,850401788","-0,03928107889",0,0,0,0,0,0,4,4,4,4,4,4,"12,30915692","12,30915692","12,30915692","12,30915692","12,30915692","12,30915692","0,005467296993","-0,0007545967343","-0,03891747192","-0,07789755496","-1,488595836","-6,511533071","0,02037452803","-0,04519333939","-0,1624256407","-0,09802538787","-0,7643460118","-0,3450785024","-0,342456377","-0,4413931211","-0,6091185809","3,103274819","0,7395393715","0,4121041532","-1,422834049","-11,16368219","-2,751183771","-1,281728347","-0,1315267458","-0,070960352","0,2482622619","-0,142095973","0,01323476449","0,09511578016","0,1039142408","-0,0001747708252","0,983223037","-139,021322","-0,6484087102","0,9993718303","-2304,352941","0,9797083514",China
4,CHI,Calamos Convertible Opportunities and Income Fund,Financial,Closed-End Fund - Debt,780161965,960308455,1093901459,782254034,779465939,780161965,"9,366052279","3,803209669","3,974871086","-2,629268284","-76,84615346","5,266710073","0,08957838592","0,08780184846","0,06664537401","0,09895622783","0,1020680556","0,08983225778",5,5,5,5,5,5,"2,294854404","2,294854404","2,294854404","2,294854404","2,294854404","2,294854404","0,01448430925","0,07427489169","-0,01252350641","0,1077095418","0,1187179099","0,09629990507",0,"0,1642424464","0,1782152311","-0,2405978399","-0,009086397989","-19,72818947","-0,3123255188","0,2264735082","-0,05314694251","0,005776313236","0,2547507493","0,4675976146","4,428513612","1,841527415","1,593706858","-1,057945704","97,46390965","2,235612772","0,8782940382","0,896952634","0,8572155126","0,8699464011","-0,1701092821",1,"3,75","1,50877193","0,3986013986","-2,025","0,9682926829","17,76923077",USA
5,ACIC,American Coastal Insurance Corp,Financial,Insurance - Property & Casualty,539722476,245367059,186506088,45687984,#ERROR!,539722476,"-18,05191363","-2,541968498","-3,218253233","-0,09712612231","1,365944916","8,502671227","0,01906362854","0,0420624544","0,05552634417","0,05673252947",0,"0,0374367864",5,5,5,5,5,5,"0,8868266639","0,8868266639","0,8868266639","0,8868266639","0,8868266639","0,8868266639","0,2357343771","-0,0869513687","-1,613010791","-3,860178599","-0,3217390252","0,378199768","-0,01122966872","-0,0884114729","-0,001515235493","-0,009094306761","0,2016944378",0,"0,1397542897","0,02610542033","-0,7298962034","-0,03454533529","0,1942704441","0,1250772726","5,191448098","0,7092890783","-5,024310118","-2,316074951","0,08958930439","0,1249306258","0,1058699625","0,002761452113","0,2030522334","0,1978395271","0,5368803498","0,5270329033","-103,9411765","-2,214285714","0,4","-7,051851852","1,642134315","-0,7808022923",USA
6,GAIA,Gaia Inc,Communication Services,Entertainment,147671180,189705880,175385050,49518280,62499600,147671180,"-7,994402204","360,1916763","44,3476253","-12,67131329","-10,00563599","-20,02181349",0,0,0,0,0,0,7,7,7,7,7,7,"0,5535831827","0,5535831827","0,5535831827","0,5535831827","0,5535831827","0,5535831827","-0,1466177435","-0,008965468397","0,02131620269","-0,1366418357","0,01026653368","0,01852556189","-0,1964981211","-0,03838388284","0,01882497985","-0,002437924912","-0,04577298923","-0,05560929363","0,2311885592","0,2380184887","0,1907312912","0,03094014301","-0,01965014933","0,1235964836","-0,9119463793","0,3272187753","0,3074686054","0,8189484881","0,3907124363","0,4452238335","0,868263584","0,8705463361","0,8677189499","0,8669470348","0,8554020616","0,8610825227","0,4897959184","1,0269","6,063197026","-1,789473684","-0,8","0,1851851852",USA
7,PCYO,Pure Cycle Corp,Utilities,Utilities - Regulated Water,300224476,268190985,349584458,251769162,252189068,300224476,"53,66417891","34,47812539","17,76068326","25,69940709","56,20375342","22,08593387",0,0,0,0,0,0,4,4,4,4,4,4,"8,797790478","8,797790478","8,797790478","8,797790478","8,797790478","8,797790478","-0,04233451853","0,05194765543","0,001567892516","0,04764513056","-0,0384322028","-0,001797383423","0,03975730321","0,01369404931","0,03802388652","0,0645082956","0,01233880945","0,06583495082","1,925840891","0,2697978328","-0,3376522916","0,3432408759","-0,3659087945","0,9708624709","-0,9312163195","-4,634919116","-0,7050278542","-2,064075067","-2,183174085","-0,8292333939","0,3151932403","0,2917810868","0,6261605839","0,7118201974","0,5512134924","0,6873412878","10,56069364","0,4","1,964285714","-0,5180722892","-0,525","1,526315789",USA
8,FLWS,1-800 Flowers.com Inc,Consumer Cyclical,Specialty Retail,933046000,1687010000,1519634250,618293000,698921289,933046000,"35,73733015","21,87445744","17,38893512","20,86900608","-11,2873339","-99,33866339",0,0,0,0,0,0,5,5,5,5,5,5,"2,038957673","2,038957673","2,038957673","2,038957673","2,038957673","2,038957673","0,03665356287","0,08113909703","0,05722623728","-0,09907088858","0,1401302187","0,09294391044","0,07539062807","0,09590396933","0,1411027284","0,04361629086","-0,03663246468","-0,002347939207","0,08394846522","0,1930238351","0,424672588","0,04035349359","-0,08606970019","-0,09239126933","-1,011681963","-0,6888548048","0,4927260298","3,117325008","9,669052049","2,566192944","0,4213609712","0,4176829657","0,4223965659","0,3721833338","0,3754118858","0,4011928442","-0,1475409836","0,7115384615",1,"-0,7471910112","-2,533333333","0,8630434783",USA
9,OFLX,Omega Flex Inc,Industrials,Specialty Industrial Machinery,1082985260,1473724000,1281433300,942002129,711750644,1082985260,"62,64479752","74,01928679","48,91900363","39,87689781","34,2786659","23,5175519","0,04250525108","0,007671721435","0,01160185239","0,01007354698","0,01843963018","0,03193002219",5,5,5,5,5,5,"13,48192038","13,48192038","13,48192038","13,48192038","13,48192038","13,48192038","0,01368205875","0,01272015656","0,01886793484","0,01518516345","0,03060158071","0,04449714263","0,4089749668","0,4011484213","0,3941737573","0,3126311828","0,2349298784","0,1834746265","0,0281314339","-0,04996408046","0,2288838898","-0,03479705563","-0,1117406584","-0,08777643206","-0,6495142748","-0,8421550783","-0,8186907599","-1,074146736","-1,613874638","-2,033689652","0,632965158","0,6290407955","0,6271084754","0,6240088615","0,613331539","0,6123366214","-0,145","0,1520467836","0,3197969543","-0,1","-0,1196581197","-0,1359223301",USA
10,KTCC,Key Tronic Corp,Technology,Computer Hardware,59214400,74778750,73433700,46599460,46491840,59214400,"-6,821047357","11,98570828","16,16106888","14,05401836","11,83256545","-14,9826193",0,0,0,0,0,0,3,3,3,3,3,3,"2,135715606","2,135715606","2,135715606","2,135715606","2,135715606","2,135715606","-0,1371460687","-0,6948691871","-0,3656749607","-0,2469426103","-0,3454902235","0,2351247325","0,03931844282","0,03336428048","0,02895737327","0,03278437437","0,036762863","0,01315861081","0,0397067588","-0,03138495487","0,1539957284","0,02528831806","0,1382059551","-0,06339343978","26,63208955","7,040099847","6,872848248","6,896068961","5,031132726","7,392052758","0,07456404996","0,07842173178","0,08104716039","0,08125758017","0,07855579326","0,07046752578","-5,166666667","1,594594595","-0,1136363636","-0,2051282051","0,5161290323","-1,553191489",USA
11,UONE,Urban One Inc,Communication Services,Broadcasting,91360891,204030446,255564850,214369509,192320719,91360891,"97,61423105","-23,37292938","6,340157647","6,4823308","93,66443041","-0,6926430182","0,007287373406",0,0,0,0,0,5,5,5,5,5,5,"-1,301948743","-1,301948743","-1,301948743","-1,301948743","-1,301948743","-1,301948743","0,5909638981","0,36700939","0,316658517","0,1562509218","0,153474717","0,4109839466","0,01171266814","0,004511455069","0,07086793956","0,05154655626","-0,01057797371","-0,0902059395","-0,004939671782","-0,1386769933","0,1699221708","0,1006597999","-0,0142673193","-0,05864891457","5,325875411","9,08772987","3,962270623","3,844968373","3,79502996","34,95241608","0,705206109","0,7240956908","0,7295115664","0,7469356423","0,713154975","0,6990308535","-0,9854081633","-5,195804196","4,944444444","0,01408450704","-0,9444444444","-56,5",USA
12,LFVN,Lifevantage Corporation,Consumer Defensive,Packaged Foods,222473720,131141720,83392400,46659960,75672000,222473720,"25,2759187","16,51221751","8,020358306","17,96605769","21,50509843","26,6805652",0,0,0,"0,02829409446","0,0290354146","0,02637797818",6,6,6,6,6,6,"4,32783637","4,32783637","4,32783637","4,32783637","4,32783637","4,32783637","0,08139004808","0,08204002525","0,1211822327","0,06709589486","0,06885384257","0,1340848654","0,2501988891","0,3476721539","0,23670324","0,1058903755","0,05631604633","0,07348676909","0,1119761422","0,03078890767","-0,05467230535","-0,06277108379","0,03410544679","-0,06201557653","-1,517295597","-1,053971128","-0,2368208778","-0,557020849","-1,086756826","-0,4137495261","0,831946645","0,837004916","0,8265654166","0,8153857337","0,7966850673","0,7929697648","0,2195121951","0,58","0,1392405063","-0,7333333333","-0,1666666667","0,15",USA
13,CRWS,"Crown Crafts, Inc",Consumer Cyclical,"Furnishings, Fixtures & Appliances",62527050,71935200,73382400,54030120,50795360,62527050,"10,35540944","7,394028349","12,89477389","6,59992438","10,29867611","11,11959542","0,06210821606","0,1193101449","0,06391787497","0,102676447","0,05578515805","0,05957445245",3,3,3,3,3,3,"2,180891702","2,180891702","2,180891702","2,180891702","2,180891702","2,180891702","0,1582143311","0,1613407921","0,1020875078","0,1181367303","0,1190117743","0,1157309998","0,1116890326","0,1284232448","0,1230948368","0,1651884623","0,06792844846","0,07144915902","0,08696456525","-0,03908039958","0,07858738896","0,1035319084","-0,1408768315","0,1676015616","0,5054113814","0,7876864487","0,4355408554","0,08830750995","3,273612238","2,64947029","0,2920490698","0,2941577198","0,3043934111","0,2668040293","0,2641866414","0,2624612014","0,6666666667","0,3","-0,07692307692","0,6333333333","-0,4285714286","-0,1428571429",USA
14,CRNT,Ceragon Networks Ltd,Technology,Communication Equipment,169207273,218365133,211225033,161103816,183717013,169207273,"-71,93806318","-13,19893107","-14,51377556","-8,161612861","29,38495046","16,7274226",0,0,0,0,0,0,6,6,6,6,6,6,"1,37042097","1,37042097","1,37042097","1,37042097","1,37042097","1,37042097","-0,1648472015","0,04950439534","-0,1143718684","-0,1077576043","0,09841641282","0,02418313175","-0,6301645964","-0,04179799842","0,02451553007","-0,05531363951","0,05124021631","0,1542220243","-0,1695126703","-0,07949352728","0,1060746117","0,01515651761","0,1761882015","0,1354085357","0,07174416158","-4,032894737","1,47510897","-26,52401011","0,7262869045","0,1278369616","0,3391028177","0,2877537745","0,3039454407","0,3152829019","0,3452656987","0,3471701464","-1,075357143","-8,478672986","0,1","0,5116666667","1,828213879","2,708791209",Israel
15,MPB,"Mid Penn Bancorp, Inc",Financial,Banks - Regional,244252080,184301333,506502603,476013599,402421551,244252080,"13,77928931","7,051550994","11,6982994","8,701832099","10,59510977","9,93243603","0,02742026476","0,03519212008","0,02586721349","0,0267030054","0,03276166198","0,02814900211",7,7,7,7,7,7,"-0,7802611625","-0,7802611625","-0,7802611625","-0,7802611625","-0,7802611625","-0,7802611625","0,0161782842","0,05618618926","0,1819393436","0,1168809523","0,1251081077","0,09056883386","0,05591443364","0,0501741133","0,03866610573","0,06662225669","0,04019786676","0,06441093124","0,4182783267","0,1365379627","0,1723083945","0,3019182768","0,3585134392","0,205709501","1,531473872","2,595062316","-0,4965747538","0,1801901872","5,354831827","0,4179416999","0,7540111906","0,8049752623","0,8769424378","0,8821528323","0,6357421683","0,5694462558","0,3959731544","0,4903846154","-0,1258064516","0,2693726937","-0,3343023256","0,2663755459",USA
16,UNB,"Union Bankshares, Inc",Financial,Banks - Regional,162186846,115189515,134082001,107390175,138502691,162186846,"15,216178","8,984242545","10,15576959","8,557512302","12,26054455","14,92569083","0,03395220797","0,04945097776","0,04393969889","0,05776587013","0,04647979831","0,04927962676",5,5,5,5,5,5,"-0,5652891313","-0,5652891313","-0,5652891313","-0,5652891313","-0,5652891313","-0,5652891313","0,03226107818","-0,07013885385","0,1920053441","0,2627624554","0,05249355242","0,08473281572","0,08947372844","0,145460122","0,1308572791","0,07351698496","0,06894460913","0,02437239891","0,111612919","0,1409465247","-0,01183762247","0,02111496357","0,2610354431","0,1559918918","2,475661227","-0,6333449034","-0,0950767841","2,91031206","4,32736291","24,37181759","0,8599978039","0,8585837199","0,9305582609","0,9137003548","0,7160923366","0,6006176555","0,5063291139","0,1974789916","0,02456140351","-0,04452054795","-0,1111111111","-0,2258064516",USA
17,QMCO,Quantum Corp,Technology,Computer Hardware,5921753600,6171897600,7336300800,2021993600,33436294,5921753600,"-1,952613501","-21,28982726","-10,44450774","3,484750358","-5,713686847","-1,280539941",0,0,0,0,0,0,3,3,3,3,3,3,"-12,38878331","-12,38878331","-12,38878331","-12,38878331","-12,38878331","-12,38878331","-0,2341502525","-0,03438514245","-0,02078564219","-0,2996013695","-0,1665094474","-0,3031112817","1,201823246","1,169746787","0,2086924128","-0,1005894338","-0,2684885649","-0,6012659546","-0,07997550744","0,0006680242376","-0,1324559684","0,09684875392","0,1007871018","-0,2617460795","-9,0624834","6,405667856","-37,57571214","1,933805449","17,33505882","-5,829778025","0,4162461508","0,4281137315","0,43124528","0,4111289616","0,3394262184","0,4007991014","0,04","0,8833333333","-4,714285714","0,3125","0,2363636364","-0,02380952381",USA
18,ORMP,"Oramed Pharmaceuticals, Inc",Healthcare,Biotechnology,91764909,114498096,552345002,469141717,93430019,91764909,"-4,036844548","-6,225166452","-25,19431865","-12,42298796","16,85571169","-5,172207486",0,0,0,0,0,0,3,3,3,3,3,3,"5,339119058","5,339119058","5,339119058","5,339119058","5,339119058","5,339119058","-0,2235590188","-0,1747469793","-0,03847422063","-0,06223492585","-0,1132744379","-0,08531984552","-0,4984159428","-0,2928925537","-0,1744793344","-0,2600052516","-0,07213071262","-0,08531530148","0,1037158024","0,002589715131","-0,00258302583",0,"-0,504254532",-1,"0,2348832287","1,699169024","3,063700627","1,070153613","5,814369622","3,633723276","0,9667036626","0,9667896679",1,1,1,0,"0,04651162791","0,3170731707","-0,3928571429","-0,2435897436","1,144329897","-4,357142857",USA
19,ASRV,Ameriserv Financial Inc,Financial,Banks - Regional,71580600,53410320,65982840,67433100,55556280,71580600,"12,09485733","11,60850152","9,318690611","9,049621375","-16,59991632","12,50468203","0,02252159577","0,03214934683","0,02591735762","0,02918329214","0,03705216037","0,04485962048",6,6,6,6,6,6,"-0,8874380845","-0,8874380845","-0,8874380845","-0,8874380845","-0,8874380845","-0,8874380845","0,02837830795","-0,05054716652","0,1319842954","0,04642324408","0,0883454572","0,02167474732","0,02861333549","0,02018322045","0,03604815936","0,02916929391","-0,01446743746","0,01626710395","0,05254574513","-0,02142857143","0,02015611888","0,02048735061","0,1748897338","0,09360638973","8,276786657","10,57581967","2,936071792","10,21607506","-43,87597234","12,94986115","0,7656492098","0,795905442","0,8651870247","0,8700380228","0,5822729097","0,6290127841","-0,1860465116","-0,2285714286","0,5185185185","0,0487804878","-1,465116279","2,05",USA
20,ICCC,Immucell Corp,Healthcare,Biotechnology,37146532,42955644,61937734,47256004,39447500,37146532,"-27,09676474","-41,99540856","-775,8018601","-18,94356223","-6,786666667","-19,50272995",0,0,0,0,0,0,8,8,8,8,8,8,"2,968733894","2,968733894","2,968733894","2,968733894","2,968733894","2,968733894","-0,03297324876","-0,06423591519","-0,02723911888","-0,1168190596","-0,1675606906","-0,002563518968","-0,02545950538","-0,03504234884","0,006006449539","-0,05364002392","-0,1378972845","-0,03848516429","0,2491352631","0,1179771187","0,2542673054","-0,03507613612","-0,05904410814","0,5163502124","1,486366074","1,690977383","0,03299202418","19,10836881","-6,27454627","10,63268668","0,4911462508","0,4473341155","0,4498229457","0,4119452822","0,2516235856","0,2997393026","0,5476190476","0,2631578947","0,9264285714","-30,06796117","-1,34375","0,6533333333",USA
21,CPSH,CPS Technologies Corporation,Technology,Electronic Components,13339510,37764565,54537558,38871764,34120155,13339510,"-21,72893825","33,41833075","18,9765121","18,20474096","24,85953119","-7,505009866",0,0,0,0,0,0,2,2,2,2,2,2,"9,969920182","9,969920182","9,969920182","9,969920182","9,969920182","9,969920182","-0,1262937863","0,0443172988","0,02445724527","0,08019329645","0,01612154269","-0,1899865126","-0,08845324752","0,1388073905","0,03688578785","0,09994700231","0,06723245684","-0,2276663497","-0,005212478588","-0,02775253915","0,07552739808","0,1843221978","0,03624789116","-0,2332903555","-18,0158928","0,02941946041","-4,387360736","-2,873782861","-3,850523152","0,8050958115","0,1183245767","0,1997719883","0,2133593537","0,2746116644","0,2477404341","-0,005616439744","0,8275","2,407867495","2,235294118","-0,3181818182","-0,3753333333","-3,34791889",USA
22,CPSS,"Consumer Portfolio Service, Inc",Financial,Credit Services,75956430,96421840,251468850,180017850,198044319,75956430,"13,97371809","4,422689487","5,625782762","2,157150832","4,318098053","12,04140603",0,0,0,0,0,0,4,4,4,4,4,4,"0,2585439934","0,2585439934","0,2585439934","0,2585439934","0,2585439934","0,2585439934","2,8597764","2,490261878","0,7339101592","1,152603836","1,212596693","1,009042381","0,002128975929","0,5065075649","1,135470923","-1,834773702","6,296764338","1,390916993","-0,1128214996","-0,2158444187","-0,01235428399","0,2311256819","0,06765056459","0,117870312","223,1134987","83,88262418","26,37506118","19,64780029","39,4743478","106,7263988","0,4323279352","0,5742344954","0,7735380548","0,8197683412","0,6468009795","0,5274532027","-0,6271186441","3,090909091","1,044444444","0,7554347826","-0,4427244582","-0,5611111111",USA
23,SMID,Smith-Midland Corp,Basic Materials,Building Materials,31098000,49158900,245810000,107756466,207612000,31098000,"15,82965623","18,3858349","32,31638045","134,095625","261,2465409","30,72519088","0,009107999481","0,005755307588",0,0,0,0,4,4,4,4,4,4,"6,349857717","6,349857717","6,349857717","6,349857717","6,349857717","6,349857717","-0,03043562816","0,09918721587","0,01536574897","-0,08466905613","0,01310600845","-0,004431424115","0,05517152508","0,06875410559","0,1286062651","0,01651203551","0,01460179658","0,144210211","0,1608901044","-0,0605898353","0,1545757147","-0,01009043877","0,1884861662","0,3176905002","0,9002237136","-0,1361205639","-0,7644500209","-0,06248474494","-0,8599595551","-0,1842995359","0,2135100983","0,2517441065","0,2847438885","0,188885121","0,1787848271","0,2548784837","0,1515151515","0,3421052632","1,843137255","-0,8965517241",0,"8,666666667",USA
24,TACT,Transact Technologies Inc,Technology,Computer Hardware,82351790,62650400,107711816,62643840,69506840,82351790,"158,724845","-9,870639432","-25,0799802","-10,54575472","14,62889217","-4,145567272","0,03275865479",0,0,0,0,0,4,4,4,4,4,4,"3,586061618","3,586061618","3,586061618","3,586061618","3,586061618","3,586061618","0,04248979451","-0,07654975464","-0,03842199467","-0,2159598464","0,06631347471","0,03763965375","0,01167103338","-0,154644106","-0,148573434","-0,1477725245","0,1042438879","-0,1032901296","-0,1619250005","-0,3312275946","0,2873345318","0,4761336516","0,2492646932","-0,4026792967","-0,6534541336","0,669702852","3,398470517","0,4933186606","-1,093482212","4,621095518","0,4794745125","0,4225853898","0,3905448637","0,419890263","0,5286998664","0,4951595058","-0,904","-11,71428571","0,375","-0,3333333333","1,783333333","-3,106382979",USA
25,IDN,Intellicheck Inc,Technology,Software - Application,120990082,210764548,86276157,37677942,36773236,120990082,"-46,40996971","-79,54184008","-11,49032551","-9,059375331","-18,46567682","-58,94985795",0,0,0,0,0,0,5,5,5,5,5,5,"5,260154858","5,260154858","5,260154858","5,260154858","5,260154858","5,260154858","-0,0157325997","-0,00234799811","0,00528369889","-0,09745755222","-0,03137133477","-0,05083527137","-0,2221040212","-0,1483844875","-0,3825887159","-0,2177789787","-0,1277434129","-0,06581394038","0,7285976126","0,400767101","0,5270610154","-0,02604770329","0,1841413003","0,05770654819","1,331337955","4,104107871","1,863872201","1,409275834","1,995987964","6,37431694","0,8700632257","0,8671634839","0,7858232172","0,9201428035","0,9272717656","0,9084362654","0,3846153846","0,125","-1,857142857","0,45","0,5454545455","0,525",USA
26,CYRX,CryoPort Inc,Industrials,Integrated Freight & Logistics,618049116,1922140714,2938416459,841627090,758468903,618049116,"-29,98417691","-51,78469752","-9,863010509","-2,892060712","-20,32553504","-3,807492876",0,0,0,0,0,0,5,5,5,5,5,5,"0,8005431891","0,8005431891","0,8005431891","0,8005431891","0,8005431891","0,8005431891","-0,01224916922","-0,01449205067","-0,006211878237","-0,03268897009","-0,06016895861","-0,08855236031","-0,1348176624","-0,05766825376","-0,01660167162","-0,01779691217","-0,03475608428","-0,1746716479","0,7294006207","1,318543398","1,828707939",0,"0,06589610436","-0,01695065261","2,928906681","-4,630754838","-1,1568785","-1,604272296","-59,74737353","-3,095542361","0,5112250309","0,4617007218","0,4338433479","0,4338433479","0,437771044","0,4258515359","-0,6176470588","-2,527272727","-2,18556701",0,"0,8495145631","-1,376344086",USA
27,KINS,Kingstone Cos. Inc,Financial,Insurance - Property & Casualty,83760767,68959835,52859375,14293681,22911338,83760767,"-13,99440802","73,32132611","-7,142867308","-0,6367924031","-3,714340702","9,497784877","0,0419347476","0,02745058106","0,03214566368","0,08903374495",0,0,6,6,6,6,6,6,"1,268339026","1,268339026","1,268339026","1,268339026","1,268339026","1,268339026","0,3104283669","-0,1902143204","0,3765935499","-0,3810966044","-0,5741284795","0,3189328889","-0,01992092728","0,003130657029","-0,02317664399","-0,07330605846",0,"0,05037907169","0,2755343679","-0,09475067683","0,2273087204","-0,1927166894","0,1078019402","0,07595072315","0,8562158656","2,992656378","-1,288943704","-0,5834939527","-41,75616593","-0,5982070063","0,171199985","0,2520405554","0,1621555589","0,05522180553","0,1940268844","0,3775767691","-2,896551724","1,164727273","-8,726269316","-2,028571429","0,7311320755","3,596491228",USA
28,DRS,Leonardo DRS Inc,Industrials,Aerospace & Defense,752550000,1413750000,1356480000,2927195100,5324628000,752550000,"10,034","17,18122059","8,869480519","6,784444444","31,3125","40,04619718",0,0,0,"0,1441205372",0,0,7,7,7,7,7,7,"4,814493634","4,814493634","4,814493634","4,814493634","4,814493634","4,814493634","0,1355391668","0,04724720818","0,08638992606","-0,01164610401","0,02756391978","0,02180580175","0,06552149212","0,06681229155","0,08471794872","0,1609414015","0,06914984605","0,07576850233","0,1633090441","0,02358142962","0,03635709143","-0,06460576589","0,04938730041","0,144373673","3,488151659","2,048034934","0,8532423208","0,2900641026","0,09584664537","-0,3723404255","0,1691230656","0,1778257739","0,1899965266","0,2135165243","0,2292993631","0,2275819419","8,536231884","0,09615384615","0,8596491228","0,7735849057","-0,6595744681","0,25",USA
29,CELH,Celsius Holdings Inc,Consumer Defensive,Beverages - Non-Alcoholic,334643202,3648279960,5611324620,7923790440,12637053518,334643202,"29,43263297","414,3020237","1397,659888","-42,02497816","55,47746121","42,42516771",0,0,0,"0,001464451793","0,002182582252","0,004468065596",5,5,5,5,5,5,"4,567018617","4,567018617","4,567018617","4,567018617","4,567018617","4,567018617","0,003257505044","0,0007988083399","-0,01812529277","0,01269521901","0,009837992281","0,03891408927","-0,01984652667","0,07402220695","0,01790492205","-0,1486578019","0,1642330657","0,08245620708","0,4285333054","0,7396142199","1,404051222","1,079739843","1,016532947","0,02853990929","-1,106812558","-3,71952989","5,3401507","3,932026379","-2,796054779","-5,33698973","0,4165436027","0,4664259596","0,4078282507","0,4144237183","0,4803735013","0,5017644933","1,714477212","-0,3114446529","-0,4550408719","-42,5","1,927710843","-0,4155844156",USA
30,DYAI,"Dyadic International Inc., DE",Healthcare,Biotechnology,142203898,148128981,127695984,35132613,46385808,142203898,"-16,83675328","-15,84909504","-9,62705096","-3,583707064","-6,823101645","-8,832038381",0,0,0,0,0,0,2,2,2,2,2,2,"-9,85706708","-9,85706708","-9,85706708","-9,85706708","-9,85706708","-9,85706708","-0,04134204711","-0,04448252575","-0,08962192413","-0,2317043829","-0,1450790973","-0,07747153527","-0,2588240953","-0,3524384898","-0,7857424289","-0,9024758949","-1,368085753","-0,7829651057","0,2976762533","-0,04708591402","0,5005927259","0,2190137327","-0,01074871779","0,2058030099",0,"2,071302452","1,413630509","0,5727965076","0,7823099864","0,2676979507","0,1316864913","0,1104860976","0,1911086927","0,2754356802","0,3183921242","0,6582285977","-0,4761904762","-0,09677419355","-0,3823529412","0,2765957447","0,2941176471","0,1666666667",USA
31,KOSS,Koss Corp,Technology,Consumer Electronics,11403439,27185632,105604726,45471729,30958046,11403439,"33,92668677","-21,62937081","369,9762464","49,69881572","4,088531017","-44,65591635",0,0,0,0,0,0,5,5,5,5,5,5,"5,254458709","5,254458709","5,254458709","5,254458709","5,254458709","5,254458709","0,08305980934","0,136788978","-0,001376747767","-0,01666742146","0,3127362059","-0,01536110683","0,01947350801","-0,02302121525","-0,01380509294","0,0319663449","-0,6488559876","-0,04807928477","-0,07115937141","-0,1616267431","0,06739785155","-0,09416188717","-0,2601374182","-0,06371024694","0,8774958998","4,12846369","67,82790523","-4,985784048","0,02660919851","0,02124407962","0,3122353133","0,3092322286","0,3444250611","0,3792958568","0,3402696759","0,3412493644","1,127391304","-2,07337884","1,813990461","1,5390625","5,538461538","-1,117647059",USA
32,AIRT,Air T Inc,Industrials,Conglomerates,58072299,71761800,72281100,69451408,47691799,58072299,"45,73461841","4,560528997","-9,400419273","5,995607613","-5,798609451","-8,684628245",0,0,0,0,0,0,5,5,5,5,5,5,"2,182492877","2,182492877","2,182492877","2,182492877","2,182492877","2,182492877","0,007622312193","-1,82629962","-0,114374509","-0,5287240537","0,2206500036","0,2718991808","0,06302340758","0,05664540489","-0,05466814438","0,04328418397","-0,02660011106","0,00863122674","0,2843682874","-0,05223249451","-0,2604219017","0,01116942","0,3966974819","0,1597546528","2,703610592","7,010239175","-19,65409533","6,896381579","177,7516869","21,35273911","0,1859712253","0,1987161349","0,1808520966","0,2224004247","0,1974139081","0,1826073617","-0,4054054054","1,568181818","-3,238938053","2,494071146","-2,142857143","0,4398148148",USA
33,ELTK,Eltek Ltd,Technology,Electronic Components,15767121,24350230,21724800,24043500,83379150,15767121,"7,497535081","8,670055548","4,311595166","7,525020103","12,95968834","17,35035143",0,0,0,"0,04135650293","0,01604461886",0,2,2,2,2,2,2,"3,267324022","3,267324022","3,267324022","3,267324022","3,267324022","3,267324022","0,1225164881","0,09596884473","0,1077044191","0,0333681241","0,07809757703","-0,06776017669","0,08571628974","0,1068816861","0,05399939046","0,07355007125","0,176744154","0,07638190299","0,0251922567","0,05498074381","-0,07856812052","0,1722792183","0,1776796974","-0,003597815612","2,010008831","1,504548635","1,347117416","0,7109261939","-0,2871243694","-0,2345325907","0,1726447089","0,2108044787","0,2039144961","0,2085750315","0,2805867866","0,2222150579","1,372093023","0,2083333333","0,4827586207","-0,3604651163","0,9454545455","-0,4112149533",Israel
34,ATLC,Atlanticus Holdings Corp,Financial,Credit Services,130068360,369770190,1409110391,378679473,564719781,130068360,"4,940286276","3,790800892","6,043089341","2,826609733","5,453543488","7,391491518",0,"0,03800833308","0,02028597599","0,0646864249","0,04441316921","0,03129059171",4,4,4,4,4,4,"0,3627098823","0,3627098823","0,3627098823","0,3627098823","0,3627098823","0,3627098823","0,7632888915","0,5941447155","0,1909415513","0,8904147831","0,8118196013","0,5684309596","0,02929640563","0,08058204195","0,09349560575","0,05744102152","0,03854869025","0,03442298067","1,121717868","-0,03925939003","0,1585212409","-0,175160709","-0,02333500705","0,2567661802","16,83140714","6,094251408","4,57968541","9,29677524","12,72222683","14,81436243","0,2665671144","0,504186925","0,8004476501","0,7780463442","0,6951041761","0,615858634","1,964285714","1,379518072","0,9139240506","-0,2288359788","-0,2727272727","0,125",USA
35,OCC,Optical Cable Corp,Technology,Communication Equipment,23797133,19712805,40335090,34887917,20928013,23797133,"-3,844075842","-3,208062361","4,539515427","-77,39823787","10,33856847","-4,503622669",0,0,0,0,0,0,3,3,3,3,3,3,"3,437370136","3,437370136","3,437370136","3,437370136","3,437370136","3,437370136","-0,03827971161","-0,1895238754","0,06410578592","-0,07037754518","-0,04299250464","-0,06478887886","-0,1570478891","-0,1717282319","-0,06073001596","0,01415612694","0,02565203065","-0,09927421603","-0,1879127385","-0,2249873815","0,06981203756","0,1681378517","0,0448001853","-0,07620018147","-2,154771745","-2,730579668","-10,67985578","21,9462191","2,210720179","-5,888353379","0,2566457293","0,254825696","0,275196158","0,2969209166","0,3088945133","0,27304114","-6,5","-0,07792207792","2,048192771","-1,052988506","6,639913232","-3,076923077",USA
36,CODA,Coda Octopus Group Inc,Industrials,Aerospace & Defense,89742143,67629331,86857560,75094245,66972867,89742143,"15,00253892","17,72067122","18,46256758","16,21511359","23,51606642","26,12568272",0,0,0,0,0,0,5,5,5,5,5,5,,,,,,,#ERROR!,"0,05799220112","0,02523924718","0,08847122858","0,003532654707","0,01952720484","0,1647047983","0,07836842541","0,1211095252","0,09649849222","0,05151472442","0,0527918299","0,3905509437","-0,2000693301","0,06424512106","0,04192273718","-0,1292963408","0,0498175184","-1,489657312","-3,406168829","-2,853667404","-3,898703537","-5,979521674","-4,966388164","0,6556795416","0,6350812545","0,6923891571","0,6834708289","0,6733668739","0,6976271255",0,"-0,387755102","0,4666666667","-0,1363636364","-0,2631578947","0,1428571429",USA
37,EDAP,EDAP TMS S.A. ADR,Healthcare,Medical Distribution,128678334,150782962,200462154,392966221,195711790,128678334,"75,80712224","-72,35870702","241,7759439","-116,7375301","-8,344816961","-4,184229117",0,0,0,0,0,0,4,4,4,4,4,4,"2,367836279","2,367836279","2,367836279","2,367836279","2,367836279","2,367836279","0,02049373967","0,01336910141","0,01653833447","-0,01520775174","-0,1073636178","-0,2222412974","0,03713603478","0,006403999524","-0,02004705266","-0,05068581226","-0,2868829909","-0,3535955366","0,1462150988","-0,07234307853","0,05770246268","0,2506013707","0,09642708088","0,06110256028","-2,886658796","-5,723978087","-120,3171521","168,2430783","1,905971286","0,9992466097","0,4676359912","0,4411454083","0,4180774293","0,4390027037","0,4040017874","0,4141932465","5,35042735","-2,149312377","1,382905983","-4,808035714","-5,682297773","0,1052631579",France
38,PEBK,Peoples Bancorp Of North Carolina Inc,Financial,Banks - Regional,188018289,129635150,151665182,183535184,171237399,188018289,"13,85972489","11,80492031","10,1808121","11,07480246","10,78103564","10,13002201","0,0202036522","0,03275937789","0,02461928232","0,02763791741","0,03047696692","0,0304667044",7,7,7,7,7,7,"-0,4544929421","-0,4544929421","-0,4544929421","-0,4544929421","-0,4544929421","-0,4544929421","0,05314806907","0,04975069457","0,1714587297","0,1011038142","0,1242944743","0,1205568761","0,07920295934","0,06137757722","0,07581511393","0,0929108176","0,06374838538","0,09778689358","0,1041239264","0,01699025304","-0,01091567832","0,1070114745","0,2129756636","0,1400825386","-0,2631454623","-6,458705419","-8,991101314","-0,1237939679","1,068853313","-1,665309207","0,9272521139","0,8746632397","0,9680343138","0,9321945218","0,7818904614","0,7303617809","0,06306306306","-0,1737288136","0,3487179487","0,08365019011","-0,02807017544","0,07581227437",USA
39,ORKA,Oruka Therapeutics Inc,Healthcare,Biotechnology,"9102128,28",49551233,30981801,34152031,294083890,"9102128,28","-1,376174579","-23,27547797","-18,56535927","-41,28797773","-55,08220468","-3,888320305",0,0,0,0,0,"0,9982465188",1,1,1,1,1,1,"34,0906456","34,0906456","34,0906456","34,0906456","34,0906456","34,0906456","-0,6369140506","-0,0341662226","-0,05242252097","-0,02663091367",0,"-0,17824224","-0,7389813863","-0,2077235413","-0,3752474479","-0,2339975271","-0,1956032172","-0,2299726767",0,0,0,0,0,0,"1,501530704","5,041057543","2,749519006","4,286791684","7,106159143","0,7370514052",0,0,0,0,0,0,"0,5975915299","0,831291424","-0,9857142857","0,5041966427","0,4631197098","-0,1238738739",USA
40,VALU,"Value Line, Inc",Financial,Financial Data & Stock Exchanges,278719835,316152396,446643510,481165901,459565421,278719835,"18,66760752","20,00003328","12,58976342","26,23093119","23,92264367","17,94842868","0,03283978514","0,02584483419","0,02752740955","0,01345072796","0,02191051306","0,03094278788",5,5,5,5,5,5,"7,088649184","7,088649184","7,088649184","7,088649184","7,088649184","7,088649184","0,05223051401","0,0459846655","0,05538236389","0,03942399564","0,04172968373","0,05231355721","0,06002351861","0,07828302117","0,0599591899","0,07905310138","0,07987757945","0,06001885308","0,01084532174","0,1114819207","0,002307749572","0,003292731234","-0,02048118445","-0,05562413402","-1,123356401","0,7261650278","-0,9498187585","-1,840392221","-0,1140494578","0,03734597156","0,5095843561","0,5486488498","0,5329520697","0,5725354719","0,6170046605","0,6038359965","-0,2434210526","0,347826087","0,5677419355","0,02880658436","-0,236","0,05759162304",USA
41,OVLY,Oak Valley Bancorp,Financial,Banks - Regional,157917900,135203700,141949200,185186400,245590000,157917900,"12,62430299","9,863685249","8,674970925","8,079113178","7,95546875","9,636273449","0,01404243886","0,01702909227","0,01683565829","0,0133709601","0,01078194355","0,01558614967",4,4,4,4,4,4,"1,743244633","1,743244633","1,743244633","1,743244633","1,743244633","1,743244633","0,1003774334","0,1296255392","0,07202782893","0,1168256562","0,1269914099","0,09923639514","0,1109443013","0,1055330239","0,1145555774","0,1808633298","0,1607604436","0,121748636","0,06155594172","0,06875275452","0,08457535592","0,2088282155","0,3075068148","0,02465147714","-7,525815523","-10,21914265","-32,22454972","-13,48258755","-4,349048401","-4,16033768","0,9556548931","0,9348453608","0,9939165701","1,003459845","0,9331706702","0,8743418037","0,08450704225","0,09090909091","0,1904761905","0,395","0,3440860215","-0,1946666667",USA
42,FRAF,Franklin Financial Services Corp,Financial,Banks - Regional,168185430,118823880,146613537,158493331,137724268,168185430,"10,50380081","9,200758594","7,458299347","10,68403401","10,1485292","11,90450491","0,03021821807","0,04437473778","0,03775751528","0,03545154986","0,0405435664","0,04260259551",6,6,6,6,6,6,"-0,6142039548","-0,6142039548","-0,6142039548","-0,6142039548","-0,6142039548","-0,6142039548","0,102275228","0,05053081985","0,1199026671","0,08161751299","0,1888844686","0,1452227043","0,1120926512","0,07092788075","0,1035434713","0,1008431726","0,04562153385","0,02898857329","0,1157209105","-0,0491941113","0,0674897806","0,09832760238","0,2861351055","0,2594879285","-4,292315247","-3,127606339","-6,656590684","-2,805144729","7,040801396","1,223628692","0,8833999619","0,8564611663","0,9874648328","0,9215465839","0,7139901303","0,5965914082","1,64028777","-0,2016348774","0,5085324232","-0,2398190045","-0,07738095238","-0,1903225806",USA
43,VIRC,Virco Manufacturing Corp,Consumer Cyclical,"Furnishings, Fixtures & Appliances",65567792,40034720,48259330,73273652,196658187,65567792,"-40,5111772","27,09596977","-20,26358871","-3,130508721","4,780068895","8,909817435","0,01422343704",0,0,0,0,"0,001675083921",5,5,5,5,5,5,,,,,,,"-0,04637146356","0,08588126292","0,1248111527","-0,07167069973","-0,09001742191","0,1112214743","0,0241574431","-0,004150603492","-0,009530668693","-0,02533785473","0,04600209864","0,2097005953","0,06037921252","-0,04809282768","-0,2002899567","0,2096469125","0,2501569026","0,1646859744","3,012237762","3,773873794","8,272512408","16,72017673","2,685043863","0,1802193646","0,3342085335","0,3751380435","0,359468569","0,3296524336","0,3693392307","0,4312548074","0,5238095238","2,5","-1,933333333","-5,785714286","2,073684211","0,3137254902",USA
44,TAYD,Taylor Devices Inc,Industrials,Specialty Industrial Machinery,36563533,36515213,42694655,49794866,68469423,36563533,"15,11579648","12,28170069","39,23971449","14,52396823","10,34537761","18,97357446",0,0,0,0,0,0,6,6,6,6,6,6,"26,69290698","26,69290698","26,69290698","26,69290698","26,69290698","26,69290698","0,05680038346","0,2311576139","0,12967247","0,05893711969","0,06683492666","0,06893303815","0,06873864392","0,07145243577","-0,05765162529","0,05007840731","0,1138700785","0,1524213337","0,3798668747","-0,1557894396","-0,2068915145","0,371260519","0,3023584536","0,1090428717","-1,227306792","-3,005937342","-55,51178252","-5,894174653","-0,398228188","-0,253328669","0,2691266146","0,3254611862","0,141036945","0,3118808555","0,3996592085","0,4674280155","4,615384615","0,1917808219","-0,6551724138","1,133333333","1,765625","0,4576271186",USA
45,ARTW,Art's-way Manufacturing Co. Inc,Industrials,Farm & Heavy Construction Machinery,"7638401,37",12888803,15988565,"9605523,15",10396947,"7638401,37","-5,544431783","-5,201260493","75,17206174","93,38042026","38,59852747","27,9420379",0,0,0,0,0,0,6,6,6,6,6,6,"3,519476123","3,519476123","3,519476123","3,519476123","3,519476123","3,519476123","0,04583118663","-0,141646957","-0,1004846708","-0,07859553872","-0,0870462808","0,2214566309","-0,07147375366","-0,1840866143","0,0239794766","0,0272286612","0,0542169377","0,01903172984","0,1603088753","-0,02097279793","0,1140590375","0,02728073919","0,1807212638","-0,1909314161","-12,3099435","-2,821451083","5,891106766","4,912104372","3,278339536","10,37902786","0,1716057194","0,1070813882","0,2642286111","0,2705534928","0,2834745943","0,2983694969","0,582278481","-0,4545454545","1,098125","-0,5583864119","1,567307692","0,138576779",USA
46,BMRA,Biomerica Inc,Healthcare,Medical Devices,231113352,470231719,398973368,361303932,168216460,231113352,"-69,29455425","-220,7934647","-46,77856506","-78,31547431","-21,72700115","-13,05661382",0,0,0,0,0,0,4,4,4,4,4,4,"-10,50973144","-10,50973144","-10,50973144","-10,50973144","-10,50973144","-10,50973144","-0,01456436036","-0,008551541289","-0,01592572962","-0,001834201557","-0,03578915612","-0,07015796277","-0,60608093","-0,1502292657","-0,6914366309","-0,467243873","-0,5640324848","-0,8632049892","-0,06532906436","0,286891027","0,07565185468","1,621383279","-0,7170852478","0,01423487544","0,3113370787","3,548589186","0,3655478087","1,151917492","1,256839348","0,5648256299","0,248431648","0,2662263468","0,05087979251","0,1577740168","0,08353624274","0,1128347184","-0,5294117647","0,1153846154","-1,347826087","0,3333333333","-0,3888888889","0,28",USA
47,HGBL,Heritage Global Inc,Financial,Capital Markets,28176655,92536122,67326935,84639054,102042727,28176655,"7,204093357","8,317664113","21,71907304","5,463109146","8,173311423","13,21454072",0,0,0,0,0,0,5,5,5,5,5,5,"-1,065944989","-1,065944989","-1,065944989","-1,065944989","-1,065944989","-1,065944989","0,02413776899","0,1137902704","-0,06116878528","0,07405486416","0,1251838184","0,1111017812","0,2209504491","0,1957926711","0,07684854666","0,2005482614","0,179883453","0,07709434804","0,1058147397","0,000573219199","-0,0149333537","0,8189361042","0,2905529266","-0,2507886696","-0,2193740686","-3,485749883","-2,026770294","-0,4734042553","-0,1620036405","-1,845743649","0,3622363192","0,3946835733","0,4268765509","0,2215117023","0,3533570072","0,3133087895",0,"1,307692308","-0,7243333333","4,07859734","-0,2142857143","-0,5757575758",USA
48,SSKN,STRATA Skin Sciences Inc,Healthcare,Medical Devices,689848848,507032250,508051598,274317388,192629360,689848848,"-175,5281266","-114,2688917","-184,3446423","-49,41913408","-17,7342193","-10,98444503",0,0,0,0,0,0,4,4,4,4,4,4,"-11,49843219","-11,49843219","-11,49843219","-11,49843219","-11,49843219","-11,49843219","-0,000844793158","-0,0001249617305","-0,004300005235","-0,01699323489","-0,02883449968","-0,01306987633","-0,07723660966","-0,1099778749","-0,1290568472","-0,1185939134","-0,2825569769","-0,4163582909","0,05798023782","-0,2689799278","0,2982676483","0,2062914901","-0,07751444927","0,006115474549","0,296521259","-18,53333333","-2,637152778","2,665780142","-2,618047337","-3,229415904","0,6417400114","0,6121264617","0,6621743337","0,6019745029","0,5534204689","0,568529885","0,2","-0,08333333333","0,3884615385","-1,012578616","-0,9375","0,1612903226",USA
49,LWLG,Lightwave Logic Inc,Basic Materials,Specialty Chemicals,61878864,92803245,1650035060,484830391,584447058,61878864,"-8,668045436","-12,72103032","-84,03738348","-27,9691762","-27,33274453","-11,26661304",0,0,0,0,0,0,2,2,2,2,2,2,"149,1867446","149,1867446","149,1867446","149,1867446","149,1867446","149,1867446","-0,08697556087","-0,05960333567","-0,007293828242","-0,02510633399","-0,02753945599","-0,0718742613","-1,056094404","-0,9998819832","-0,6582463343","-0,61323525","-0,5394667004","-0,6379824296",0,0,0,0,0,"1,360500716","0,2283183686","0,438892363","1,289717199","1,467005909","1,445268086","1,205287691",0,0,0,0,"0,9379536813","0,922650489","-0,06878306878","0,0952970297","-1,325581395","0,1176470588","-0,2","-0,05555555556",USA
50,HNNA,Hennessy Advisors Inc,Financial,Asset Management,74228495,62715106,79797803,63608613,51480401,74228495,"7,602362057","7,773521687","8,969837985","10,48151456","10,58134546","10,76835631","0,0422004546","0,06508380453","0,05603864372","0,06225283902","0,08125411153","0,0001046804943",6,6,6,6,6,6,"2,44207051","2,44207051","2,44207051","2,44207051","2,44207051","2,44207051","0,1691833992","0,1714622741","0,1430170522","0,1302238764","0,1370544119","0,1172944938","0,1121402285","0,08994375821","0,08139607842","0,05502191443","0,03228857906","0,04397202146","-0,2175306833","-0,2183307971","-0,01883853964","-0,09441391941","-0,1903461759","0,2342214821","-0,4409068982","-0,8327565323","-1,334803348","-1,888413299","-3,204296161","-2,570299638","0,5160248156","0,7358411453","0,7228937729","0,7194862979","0,5013738551","0,6942589219","-0,4559386973","-0,2535211268","0,009433962264","-0,2336448598","-0,2317073171","0,4603174603",USA
51,NBN,Northeast Bank,Financial,Banks - Regional,198965520,185654880,284160690,305477600,414200950,198965520,"13,83186258","6,837993139","3,45725522","6,763980504","6,926610768","7,924007659","0,001869386828","0,002302614336","0,001338974448","0,00110452793","0,0009638439272","0,0006631660601",5,5,5,5,5,5,"-0,3604386378","-0,3604386378","-0,3604386378","-0,3604386378","-0,3604386378","-0,3604386378","0,09621353876","0,09745590059","0,02862007316","0,1032330374","0,1883383706","0,0002405602375","0,06564942526","0,09269700713","0,229196851","0,1428934543","0,04724452385","0,07345535737","0,2021322677","0,1020073693","0,5493360335","-0,2526499241","0,6388835752","0,4479670956","-1,251871608","-2,327932652","-9,397139523","-2,145375754","5,650167332","1,352109587","0,7580230842","0,7553291354","0,9343526833","0,9758605926","0,6627407387","0,5735995793","-0,1412429379","0,6644736842","2,37944664","-0,3754385965","0,1161048689","0,2718120805",USA
52,SGLY,Singularity Future Technology Ltd,Industrials,Integrated Freight & Logistics,79821697,58630072,71248106,8920338,"9458380,8",79821697,"-17,25115035","-6,576517511","-8,644988426","-3,128231651","-0,6241542201","-2,648784869",0,0,0,0,0,0,1,1,1,1,1,1,"-10,12951557","-10,12951557","-10,12951557","-10,12951557","-10,12951557","-10,12951557","-0,03918296655","-0,03607596075","-0,06006984294","0,05705566728","-2,346383032","-0,3258556184","-0,3887067319","-38,22447102","-0,2508930918","-0,5657661127","-1,003982624","-0,4366666099","0,8110487071","-0,8435290358","-0,2118931033","-0,225705645","0,1379766148","-0,3089067123","0,5804182062","-0,0406139329","4,65680435","2,360053071","0,8290421926","2,506781244","0,1380031724","0,4371346747","0,03429176911","-0,03712226536","0,1207540094","-0,15247518","-12,73684211","-1,264573991","0,5405940594","-3,176724138","-0,1238390093","0,8117539027",USA
53,MNSB,MainStreet Bancshares Inc,Financial,Banks - Regional,190608291,127223179,188052492,204349856,186752982,190608291,"13,60379928","8,748184132","8,383735961","7,759324061","7,020712056","-13,7944489",0,"0,004618342704","0,01159914246","0,0195098656","0,02768347697","0,03778639428",4,4,4,4,4,4,"-0,8311438697","-0,8311438697","-0,8311438697","-0,8311438697","-0,8311438697","-0,8311438697","0,08274095894","0,1144330773","0,1335569163","0,1244756482","0,1373083313","0,06501845737","0,06780567235","0,07669859798","0,09416876558","0,06460754441","0,07610827214","-0,0311579","0,352657518","0,09184138202","0,01130561109","0,2612752279","0,4407131339","0,07910082106","0,07468771233","-2,816233407","-1,072952739","3,42853171","0,9576035312","-2,749298813","0,6702787593","0,7165686176","0,8650528382","0,8222014231","0,6139588763","0,4284056373","0,2246376812","0,09467455621","0,4324324324","0,2301886792","-0,003067484663","-1,492307692",USA
54,FSFG,First Savings Financial Group Inc,Financial,Banks - Regional,158094382,154050426,186815772,138318180,114642326,158094382,"9,048234531","3,869699886","6,721469766","10,54307942","12,34405544","11,96456004","0,01005647957","0,01231889959","0,008478682927","0,02773465621","0,03760075984","0,02491048276",3,3,3,3,3,3,"0,2794939863","0,2794939863","0,2794939863","0,2794939863","0,2794939863","0,2794939863","-0,370429605","-1,138893888","0,5497457245","0,9122229879","0,2954529518","0,5566210784","0,04600255525","0,05119811798","0,06625648327","0,02806225275","0,01449874476","0,02444151533","0,7126774793","1,012587958","-0,02848334808","-0,3404645049","0,04983622091","0,04575092202","9,303573069","6,048413646","5,541451758","17,82816217","35,43863573","17,52611743","0,8697067375","0,9031712717","0,9659513945","0,898301762","0,6555686964","0,5013615869","0,4836601307","1,061674009","-0,1196581197","-0,4781553398","-0,4465116279","0,6638655462",USA
55,LTRX,Lantronix Inc,Technology,Communication Equipment,96020400,127956360,271661850,157040640,218894440,96020400,"-175,6019608","-8,734634941","-36,63038576","-32,78067512","-16,9979922","-29,88562002",0,0,0,0,0,0,5,5,5,5,5,5,"1,89281269","1,89281269","1,89281269","1,89281269","1,89281269","1,89281269","-0,03683408332","-0,03297704689","0,02376913547","-0,06561985158","-0,01595891353","0,1270269746","0,07231294695","-0,1919175363","-0,06374646596","-0,03574013402","-0,06076221344","-0,0258254302","0,02874067573","0,276988697","0,1937105448","0,8139401486","0,01183139871","0,2221070364","-10,11510791","-0,3314641745","-9,888594164","7,825892857","22,46969697","0,06793595846","0,560311367","0,4492468018","0,4620367391","0,4287223786","0,4288774211","0,4013921548","-1,532394366","-21,22222222","0,6666666667","-0,1428571429","-0,5625","0,52",USA
56,CLWT,"Euro Tech Holdings Co., Ltd",Industrials,Pollution & Treatment Controls,"7809468,47",11656497,16469453,11677002,12807599,"7809468,47","-39,81186178","14,37837479","16,6526329","29,96463079","6,804731937","14,61572501",0,"0,1174824545","0,06260073975","0,04196456094",0,"0,05751336005",6,6,6,6,6,6,"4,143894708","4,143894708","4,143894708","4,143894708","4,143894708","4,143894708","-0,04937607378","-0,1850416489","0,1333984726","0,04106015229","-0,006833319276","0,07233446904","-0,02676817289","-0,08275693025","0,07872174591","0,04212232211","-0,01438683408","0,02118982935","-0,1345503382","-0,2323122019","0,6012577675","-0,3010566673","0,2000802729","-0,1425306577","21,26582278","-5,270125224","-3,551252847","-32,33540373","-2,961560862","-5,369360902","0,2538651647","0,2758853036","0,2662708061","0,3089169844","0,2152173913","0,2895404017","-2,485380117","4,917322835","0,3065326633","-0,6330769231","4,031446541","-0,6041666667",Hong Kong
57,CREX,Creative Realities Inc,Technology,Software - Application,14940734,14609246,20465197,11595360,24565303,14940734,"14,36843783","-0,7807853663","23,65516034","2,060298198","-6,813224379","-7,291334094",0,0,0,0,0,0,3,3,3,3,3,3,"-0,5846355669","-0,5846355669","-0,5846355669","-0,5846355669","-0,5846355669","-0,5846355669","-0,1251807102","-0,3183655471","-0,1253644954","-1,292844918","0,05697026152","0,02267573696","-0,003625081948","-1,042637889","-0,1428093279","-0,04348307338","0,02457325422","0,02371141899","0,4059176863","-0,4475283246","0,05613793894","1,351250203","0,04189158016","0,1259354382","7,738623104","-0,621302999","1,917457697","2,326782632","3,468294135","5,274990208","0,4348060004","0,4652002062","0,4532733091","0,4092041522","0,4911437807","0,4721555826","1,036158192","-16,5","1,036290323","3,666666667","-1,416666667","0,02857142857",USA
58,LFMD,LifeMD Inc,Healthcare,Health Information Services,"6247143,6",159774655,118424256,60935526,304332084,"6247143,6","-1,892975048","-1,589456233","-1,716334151","-1,319720062","-13,64701127","-10,7998673",0,"0,01383503515","0,008337822944","0,051689575","0,01105137056","0,01523267435",4,4,4,4,4,4,"-0,1071443535","-0,1071443535","-0,1071443535","-0,1071443535","-0,1071443535","-0,1071443535","0,04233422192","-0,1344152218","-0,3490958243","-0,5962041902","0,0003093423155","0,02930985748","-9,782598377","-168,721831","-1,955488952","20,16180431","-0,5882831105","-0,7630582428","0,4978838026","1,991031535","1,490374595","0,2816418519","0,2815466265","0,3927106377","0,1025499267","0,1411634967","0,7318277984","-0,004366108519","1,801785691","1,488269557","0,7974662387","0,7623958979","0,8062423921","0,8431699911","0,8761007214","0,8867119595","-1,571428571","-10,77777778","0,4646226415","0,3612334802","0,5172413793","0,2428571429",USA
59,FKWL,Franklin Wireless Corp,Technology,Communication Equipment,25338569,272168281,50667003,52160369,39948709,25338569,"-15,49212183","10,52312994","5,881008474","-9,78402105","-15,29068476","-10,70212835",0,0,0,0,0,0,2,2,2,2,2,2,"4,262530874","4,262530874","4,262530874","4,262530874","4,262530874","4,262530874","0,006085240011","0,3644251454","0,1093860568","-0,2208769475","-0,08222577259","-0,02261807915","-0,1036234451","0,2516519257","0,3815013195","-0,08995747543","-0,04437338956","-0,1277296547","0,2129682221","1,058529267","1,452507115","-0,8696590879","0,9147000458","-0,3297565911","4,647316019","-3,298227211","-1,885039461","6,597636766","10,80435136","1,813010301","0,1573803707","0,1934732969","0,1763243634","0,1590391221","0,1527958378","0,1139197102","0,3","4,714285714","1,942307692","-1,209150327","0,25","-0,4166666667",USA
60,NAII,"Natural Alternatives International, Inc",Consumer Defensive,Packaged Foods,52386824,65658719,75938405,49219884,38201355,52386824,"-27,83943202","9,832122573","5,961719507","16,73838128","-4,634149758","-1,436917864",0,0,0,0,0,0,5,5,5,5,5,5,"1,665738115","1,665738115","1,665738115","1,665738115","1,665738115","1,665738115","-0,01856062741","0,1482824177","-0,2289626677","-0,1540950763","-0,1349692346","0,1188342554","-0,01394819907","0,1236329011","0,08718576197","0,02762593975","-0,04526634216","-0,06788589526","-0,1403861451","0,5017328981","-0,0423145866","-0,09914836868","-0,2611369022","0,1411648916","-0,3811235955","-0,9439720162","0,4845565453","1,562731127","-10,84156194","-17,29814815","0,1587452471","0,170524311","0,1784506861","0,1178976074","0,06032725228","0,07153087941","-1,27173913","7,76","0,02958579882","-0,7528735632","-3,860465116","-0,8536585366",USA
61,SBET,SharpLink Gaming Inc,Consumer Cyclical,Gambling,"5789671,2",40907724,27985590,"7607251,2",4680954,"5789671,2","-16,86660199","-14,6220397","-0,6810374894","-0,05062766774","-0,2907664874","0,2196152885","0,1141286405","0,03924035919",0,0,0,0,2,2,2,2,2,2,"194,9961709","194,9961709","194,9961709","194,9961709","194,9961709","194,9961709","-0,02288603299","-0,06408690289","-0,1670754197","-7,715502397","0,07165164774","-10,28669467","-0,07386547013","-0,4143826079","-2,274137362","-2,102910666","-2,600658674","-2,286619086","-0,5936295854","-0,04321341945","0,1566354253","0,3240780542","0,419140056","-0,2605385924","11,9196357","2,383282006","0,1773915553","-0,1179152466","-1,667415314","0,3024136827","0,1517829215","0,1859370708","-0,113577238","0,377115361","0,3094585304","0,2474567552","0,9348855962","-2,996408669","-17,33999566","-0,5526907156","0,9331989423","0,6756261454",USA
62,AACG,ATA Creativity Global ADR,Consumer Defensive,Education & Training Services,18882362,17164608,16799000,21348287,17865981,18882362,"-0,9839950543","-1,31927847","-3,168559272","-2,869363956","-3,811513022","-2,694134318",0,0,0,0,0,0,4,4,4,4,4,4,"-1,616828031","-1,616828031","-1,616828031","-1,616828031","-1,616828031","-1,616828031","-0,4917929571","-0,2695260387","-0,3403210054","-0,1181193909","0,05075254525","-0,2403014148","-1,782996247","-0,3005207877","-0,2482814318","-0,253669062","-0,2338043065","-0,3033551092","72,03955724","0,6586608367","0,2469169618","0,02280510954","0,07155029236","0,2095535072","0,1826459684","0,8723921888","0,706163912","0,5450953818","1,92503491","0,07003932405","0,1884505322","0,3560651688","0,5182524468","0,4956222069","0,5173618939","0,5269902261","-1,144109589","0,4030418251","0,6337579618","-0,3217391304","0,2894736842","-0,06481481481",China
63,ANIX,Anixa Biosciences Inc,Healthcare,Biotechnology,67908732,77256550,89471250,131414250,122010480,67908732,"-6,57561188","-4,519294765","-11,23586208","-12,51154101","-9,97826929","-8,893022144",0,0,0,0,0,0,1,1,1,1,1,1,"5,871145853","5,871145853","5,871145853","5,871145853","5,871145853","5,871145853","-0,06420038222","-0,1352088892","-0,033945946","-0,03816704136","-0,06342393214","-0,06570049175","-2,470713024","-1,199364967","-0,3750225687","-0,4881953485","-0,4676378153","-0,7233786611","-0,7752808989",-1,0,-1,0,-1,"0,3172777661","0,6360462426","2,206917751","0,884186758","0,0674874601","0,0820630282","0,335",0,"0,248046875",0,"0,2333333333",0,"0,2278481013","0,2459016393","0,02173913043",0,"0,2888888889","-0,21875",USA
64,WVVI,Willamette Valley Vineyard Inc,Consumer Defensive,Beverages - Wineries & Distilleries,34404185,31624049,42992821,29623840,26609875,34404185,"13,7019285","9,314900439","17,58064675","-45,82244018","-22,20092679","-141,0688597","0,02982378368","0,03530155086","0,01647309902","0,02661204535","0,03059631007","0,05425985564",1,1,1,1,1,1,"1,010600721","1,010600721","1,010600721","1,010600721","1,010600721","1,010600721","-0,02985689011","0,02052298822","-0,180592871","-0,612543863","-0,2523807379","-0,3203290755","0,04180179969","0,04786719198","0,03188142924","-0,005045295423","-0,008839341841","0,001929931977","0,07233721317","0,1036632485","0,1637208944","0,06755045103","0,1532981842","-0,3817614084","0,9840258976","-0,2533381516","-0,1120906786","8,995031051","9,970944886","51,15686936","0,6179813112","0,6124791011","0,5872134162","0,5544306917","0,5763762851",1,"-0,1891891892","0,5333333333","-0,5652173913","-3,55","-0,2745098039","0,2615384615",USA
65,AVBH,Avidbank Holdings Inc,Financial,Banks - Regional,#ERROR!,#ERROR!,#ERROR!,#ERROR!,#ERROR!,#ERROR!,"9,791476464","13,20787056","10,42218584","5,898128162","9,458534159","7,66805615",0,0,0,0,0,0,5,5,5,5,5,5,"0,3066229694","0,3066229694","0,3066229694","0,3066229694","0,3066229694","0,3066229694","0,1111772956","0,1163015937","0,1268369062","0,1905428351","0,2275524226","0,1405201056","0,09319030189","-0,01467821308","-0,01193858543","-0,01770030111","-0,01621125389","0,1261733094","0,2087453646","-0,1622870291","0,1503248027","0,4257911692","-0,09800768219","0,1366094452","-6,852743123",0,0,0,"15,71099632",0,"0,8405069301",1,1,1,"1,802549179",1,"0,1421052632","-0,2580645161","0,2546583851","0,7821782178","-0,3777777778","0,2321428571",USA
66,HROW,Harrow Inc,Healthcare,Drug Manufacturers - Specialty & Generic,200832920,178492089,234047992,412665865,395963097,200832920,"1172,696071","-52,91620494","-12,8383673","-28,77497941","-14,96488888","-68,42179822",0,0,"0,00054935434",0,0,0,4,4,4,4,4,4,"3,934912764","3,934912764","3,934912764","3,934912764","3,934912764","3,934912764","-0,00450224234","-0,01178790552","-0,1013493873","-0,01497072616","-0,407089469","-0,05089619922","-0,09744152492","0,007525263384","0,01815788586","0,01375933003","0,001637432233","0,02959161426","0,2367059847","-0,04483533666","0,4830062818","0,2224046581","0,4695298832","0,5332160715","8,512578616","7,425296141","7,011951411","3,359789474","9,743639103","8,206309034","0,6726473175","0,7040576211","0,7486892213","0,7134939895","0,6955289455","0,7532988668","-0,9836065574",-14,"-4,307692308","0,2608695652","-0,4705882353","0,3466666667",USA
67,GCBC,Greene County Bancorp Inc,Financial,Banks - Regional,245701555,217092057,312953098,488840231,480156549,245701555,"14,22023336","10,15747317","9,999148776","13,78051704","16,48220237","22,24529533","0,008193010433","0,01176538621","0,01015039205","0,006829822677","0,004318053088","0,005880284806",7,7,7,7,7,7,"0,8951735476","0,8951735476","0,8951735476","0,8951735476","0,8951735476","0,8951735476","0,08460882055","0,1346185187","0,1106893988","0,08894586458","0,05236846493","0,04247235341","0,130507804","0,1213761188","0,1390134008","0,08462040856","0,1322504704","0,05673598036","0,1779827189","0,1334394264","0,09733070815","0,111567027","0,2803614665","0,21495076","-0,499122969","-0,8477902888","-4,638393801","2,961489431","-4,128998856","0,2130320395","0,8542684154","0,8001097411","0,865328333","0,8846667813","0,7691870498","0,5453764502","0,2","0,07843137255","0,2818181818","0,170212766","0,09696969697","-0,1988950276",USA
68,ARKR,Ark Restaurants Corp,Consumer Cyclical,Restaurants,78406302,67248029,59763329,59615999,50708280,78406302,"26,45652093","-8,593216724","4,226289259","7,122728154","-9,257631579","-10,80459959","0,04916829867","0,04344048653",0,"0,01352372642","0,0410355537","0,04817706354",3,3,3,3,3,3,"-5872,622825","-5872,622825","-5872,622825","-5872,622825","-5872,622825","-5872,622825","0,1016417918","-0,17410947","0,1313075709","0,2669347612","0,08252665307","0,05200177124","0,0909412017","-0,0275647044","0,03493746513","0,045747057","0,03205585366","0,01815115266","0,0147759235","-0,344087611","0,2383322378","0,3928414347","0,006092315733","-0,006753502568","2,261124122","-28,64038069","3,259775525","5,849588523","148,1577287","144,7292724","0,1183832859","0,02561742887","0,1207249564","0,1241329747","0,09506312469","0,08360347599","-0,4198473282","-2,763157895","3,671641791","-0,2793296089","-1,639534884","0,3454545455",USA
69,NOTV,Inotiv Inc,Healthcare,Diagnostics & Research,53672850,137157300,1065002050,126478820,94553880,53672850,"-47,18350633","-11,07103095","35,40200459","-1,216754037","-0,7511344874","-0,4059652358",0,0,0,0,0,0,3,3,3,3,3,3,"-1,155933567","-1,155933567","-1,155933567","-1,155933567","-1,155933567","-1,155933567","-0,1368478633","-0,09466377778","-0,004474924401","-0,1011709335","0,004811693123","-0,6613302926","-0,005602753772","-0,07223715862","0,005475931247","-0,03165282443","-0,0926239953","-0,1061802586","0,6555074774","0,386394901","0,4818336668","5,111891078","0,04522729597","-0,142701664","6,229304314","34,11890838","2,295216401","-1,345825668","-14,41745265","-15,83418043","0,2962444974","0,3015925516","0,3365437197","0,2870634121","0,2890212692","0,2265379356","-2,443438914","-4,650459921","2,837209302","-18,53164557","0,7039711191","-0,02195121951",USA
70,IBIO,iBio Inc,Healthcare,Biotechnology,29361875,226315950,119886250,4315080,2542720,29361875,"-9,928715967","-31,72132733","-12,72832335","-2,249866048","-0,2298877096","-0,3091624844",0,0,0,0,0,0,4,4,4,4,4,4,"-4,707479807","-4,707479807","-4,707479807","-4,707479807","-4,707479807","-4,707479807","-0,08567295202","-0,02780425757","-0,1192540478","-0,3980841999","-2,420475075","-2,436785013","-0,5773165285","-0,1564318829","-0,2201925119","-0,3255464691","-0,8832134365","-0,6435563121","3,545045045","-0,1883052527","0,4474969475","-0,205398566",-1,0,"-1,467092056","1,891795178","1,564824543","-0,1201306275","-0,3500430911","0,6953854932",1,"0,5708180708","0,383382539","-1,012208068",0,1,"-0,8611404435","-0,1421276596","-0,4903129657","0,02516666667","0,5906992648","0,7284878864",USA
71,SHIP,Seanergy Maritime Holdings Corp,Industrials,Marine Shipping,14487742,26274511,155509011,88769536,149079903,14487742,"-0,7080270533","-0,9690616496","3,370649296","5,017553436","61,09977915","3,293863866",0,0,0,"0,2072196135","0,04325477407","0,07507462942",5,5,5,5,5,5,"-0,09605864291","-0,09605864291","-0,09605864291","-0,09605864291","-0,09605864291","-0,09605864291","0,09163899269","-1,68646496","-0,8363372935","-0,3834210266","0,221136536","0,006473877346","0,02711247624","-0,0009211647923","0,1407578414","0,05853492119","0,04620745631","0,1174644175","-0,05486232517","-0,2676793951","1,417049491","-0,1834522037","-0,1182690769","0,5191229566","12,92034149","9,177459247","2,614247389","4,226653568","4,722461797","2,55287411","0,2296211517","0,1166785066","0,5431198892","0,4300111982","0,3669194622","0,6997354576","0,9087452471","0,9552348337","1,455373406","-0,616","-0,875","16,58333333",Greece
72,SFBC,Sound Financial Bancorp Inc,Financial,Banks - Regional,91530504,81652300,114495392,100743532,99144825,91530504,"13,62237521","9,210544618","12,56070249","11,50131053","12,47633015","28,85316449","0,01576103995","0,02517170784","0,01772954183","0,02005776599","0,02061168766","0,0145504867",4,4,4,4,4,4,"0,2407668318","0,2407668318","0,2407668318","0,2407668318","0,2407668318","0,2407668318","0,1144049267","-0,01082432031","0,1638873979","0,09536080176","0,06940956188","0,02133274641","0,0649020008","0,07905211761","0,07556263462","0,05265770696","0,04431537247","0,02992216368","0,03224770519","0,09862076117","-0,02730319049","0,07661515321","0,2529463461","0,1161469012","-4,086065158","-13,31371655","-12,73253938","0,1834068136","0,6428839655","-0,3970934256","0,8057658405","0,802364546","0,8937625852","0,8725465894","0,7034998741","0,575056397","-0,05474452555","0,332046332","0,0115942029","-0,03438395415","-0,1513353116","-0,3706293706",USA
73,NECB,NorthEast Community Bancorp Inc,Financial,Banks - Regional,194183822,222870000,172770990,226590040,261132799,194183822,"8,346617772","13,49300835","14,82192524","9,268621342","5,340094217","6,825563156","0,007288620299","0,006059320022","0,01281346374","0,02982710528","0,01477835303","0,02446573142",5,5,5,5,5,5,"-0,3910540071","-0,3910540071","-0,3910540071","-0,3910540071","-0,3910540071","-0,3910540071","0,08726920371","0,08656772583","0,08560255186","0,1052504217","0,1708049023","0,1499160179","0,07426490765","0,06273821337","0,03996226998","0,08198793431","0,1270973005","0,1387770263","0,141932675","-0,1066149074","-0,01551861264","0,4499615771","0,8169513637","0,1955139712","-5,894598229","-2,261422233","-7,265532323","-2,004540995","0,006443298969","-1,099807345","0,7268599553","0,7906733138","0,8283580619","0,8835935695","0,7287366122","0,637392474","-0,009174311927","-0,2962962963","-0,01315789474","1,106666667","1,101265823","0,06024096386",USA
74,CRVO,CervoMed Inc,Healthcare,Biotechnology,61491739,254587480,154785730,120980023,213610945,61491739,"-0,2614619883","-3,03599154","-1,256301584","-0,6776913938","-9,348350479","-1,159607985",0,0,0,0,0,0,3,3,3,3,3,3,"2,04818802","2,04818802","2,04818802","2,04818802","2,04818802","2,04818802","-3,195593827","-0,3146977607","-0,4790574963","-0,6542010193","-0,3669255392","-0,8750719662","-0,5096042221","-0,5623579233","-0,6940621264","-1,017382716","-1,05912083","-0,4649502193",0,0,0,0,0,0,"1,225288592","1,165530715","2,340186963","-1,433947153","0,9974338577","0,4937417743",0,0,0,0,0,0,"0,689478267","0,829480864","0,1773333333","0,394921664","0,9267857143","-1,463414634",USA
75,LOAN,Manhattan Bridge Capital Inc,Real Estate,REIT - Mortgage,61390148,50119913,63222197,61268056,56892454,61390148,"13,66685466","11,86440469","13,08569967","11,75578221","10,40957501","11,4572003","0,07547597058","0,08257003314","0,086211567","0,09380862223","0,09311932389","0,081699908",4,4,4,4,4,4,"3,204573948","3,204573948","3,204573948","3,204573948","3,204573948","3,204573948","0,07214520484","0,08395483411","0,07946072981","0,08428731488","0,09829697506","0,07692963292","0,0851071396","-0,2167037918","0,06801534743","0,09520765856","1,122279572","0,1201841915","0,03365986404","-0,008465169835","0,019127857","0,1712907579","0,07992278204","0,326838854","4,607893417","4,697680313","3,943212099","4,404435631","3,900267819","2,826104468","0,9990960683","0,9987624595","0,9983029062","0,9989932914","0,9956550546","0,7604536075","-0,02083333333","-0,06382978723","-0,04545454545","0,07142857143","0,06666666667","0,02083333333",USA
76,KRMD,KORU Medical Systems Inc,Healthcare,Medical Instruments & Supplies,259078448,264644834,134003931,161978511,112347439,259078448,"448,6954406","-208,2540352","-29,18261261","-18,5492172","-8,163802125","-29,06744977",0,0,0,0,0,0,3,3,3,3,3,3,"14,739144","14,739144","14,739144","14,739144","14,739144","14,739144","-0,0004143379627","-0,007148785238","-0,0352577118","-0,0510783617","-0,05087524554","-0,009170527309","0,04035824929","-0,0344754578","-0,135820487","-0,2412876536","-0,4141305754","-0,3098599518","0,3347338962","0,04376996023","-0,02838601436","0,1875619062","0,02228377457","0,17984631","-1,264341344","-16,80658439","3,766254594","1,22460048","0,7486625213","0,9854743491","0,641283644","0,6177948886","0,5861845644","0,5509379701","0,5858923378","0,6340000136","-0,3846153846","-3,006944444","-2,460207612","-0,9","-0,5789473684","0,5666666667",USA
77,WFCF,Where Food Comes From Inc,Industrials,Specialty Business Services,41452000,85904000,88032170,81221580,75053450,41452000,"31,77896042","62,28736462","29,88246538","41,72083751","34,53612918","33,21241509",0,0,"0,01032978692",0,0,0,6,6,6,6,6,6,"8,822946877","8,822946877","8,822946877","8,822946877","8,822946877","8,822946877","0,05862359881","0,02304446608","0,03172397363","0,02869288694","0,03597870072","0,03651453366","0,06800110123","0,07411657234","0,1088937054","0,1203070126","0,139042483","0,1258600518","0,1668453482","-0,03359969192","0,09244869496","0,1328196243","0,01167236869","0,02430873284","0,4467328185","0,0805040252","-0,4212429379","-0,3502408614","0,04773341339","0,147107438","0,4370366805","0,4447101016","0,4439631589","0,42133226","0,4186194549","0,4102384836","0,2307692308","0,375","1,181818182","-0,3125","0,1818181818","0,02564102564",USA
78,MGYR,Magyar Bancorp Inc,Financial,Banks - Regional,58606181,56063645,83461830,82772650,71726122,58606181,"18,84313788","17,97368454","11,33663377","10,62393152","8,542503438","10,03837019",0,0,0,"0,01696166055","0,01996836677","0,02149020005",4,4,4,4,4,4,"-0,7125121079","-0,7125121079","-0,7125121079","-0,7125121079","-0,7125121079","-0,7125121079","0,1016047725","0,01694511826","0,1273994622","0,1285377696","0,1241379455","0,07047352083","0,02994143631","0,01616522484","0,04564064702","0,06057754829","0,05091944305","0,05042338017","0,1072316341","-0,02134493835","0,1158990648","0,01894430564","0,2645415606","0,2793991311","2,868277475","1,433543506","-5,423117155","-0,8802465023","-3,335895","0,2478732277","0,7451732118","0,746638433","0,8554666498","0,9134645229","0,7369971282","0,6031194843","0,4571428571","-0,2549019608","1,657894737","0,1584158416","0,02564102564","0,025",USA
79,FIEE,FiEE Inc,Technology,Communication Equipment,24874606,127620294,57484187,8873000,"5186633,73",24874606,"-6,502301423","-23,74015798","-22,60180764","-0,5669711075","-0,2169310699","-0,1645204222",0,0,0,0,0,0,4,4,4,4,4,4,"-15,0581947","-15,0581947","-15,0581947","-15,0581947","-15,0581947","-15,0581947","-0,09488508556","-0,08924391297","-0,3008788992","-1,459316313","1,167917882","-5,427505828","-0,5185733135","-0,4634137712","-0,09144902538","-0,6527959743","-124,2990342","32,49732507","0,1637055966","0,2758126822","0,1549105003","-0,0866246865","-0,4842900122","-0,9754889161","0,4294833989","-0,5390970668","5,397296736","-0,3765012915","0,04177105477","0,007803253089","0,2899364808","0,2835441455","0,3162946791","0,2355892695","0,01803735202","0,3238963389","-36,83333333","0,1607929515","0,4094488189","-2,724444444","-0,08353221957","0,8524229075",Hong Kong
80,IPM,Intelligent Protection Management Corp,Technology,Software - Application,#ERROR!,#ERROR!,#ERROR!,#ERROR!,#ERROR!,#ERROR!,"-1,558454092","9,539322901","11,14382904","-5,366921328","-16,41676831","-2,179167646",0,0,0,0,0,0,2,2,2,2,2,2,"-0,05075382463","-0,05075382463","-0,05075382463","-0,05075382463","-0,05075382463","-0,05075382463","-0,3718695068","0,1097247738","0,0857615458","-0,161452478","-0,06161729291","-0,1644303417","-0,9478734394","0,1193359712","0,02038803272","-0,1594281762","-0,1757224492","-0,4000278858","-0,2482900186","-0,1603641991","0,03437920022","-0,1720905519","-0,912459342","0,1416252266","2,48754735","-2,611386586","-12,36854293","5,027195449","4,830131098","3,003268619","0,7922970067","0,7994896932","0,7950715727","0,7430676156","0,7038643205","0,7606366318","-1,178571429","1,163934426","-0,15","-3,058823529","0,6571428571","-6,583333333",USA
81,ZYXI,Zynex Inc,Healthcare,Medical Distribution,259023664,468907389,360414053,517952760,365849550,259023664,"26,89562724","50,2400342","22,33637018","31,38643653","39,78565043","85,45337675","0,008860397259",0,"0,000002617671265","0,0067523122","0,000007748054948","0,00003517721755",3,3,3,3,3,3,"-4,993501962","-4,993501962","-4,993501962","-4,993501962","-4,993501962","-4,993501962","0,02406252005","-0,000366326022","0,01659603582","0,02490861251","0,04274343646","0,04746188363","0,3614585486","0,1382944988","0,1411451655","0,1643297905","0,06819600599","0,04514296134","0,4246953034","0,7620073892","0,6262824068","0,2138586904","0,1653631921","0,04357591606","-0,7900202634","-2,711341962","-0,1844475093","0,2645061129","1,765438998","3,168659068","0,8061664321","0,782619006","0,7933860891","0,7976505845","0,791853387","0,7950185595","-0,03846153846","-0,04","0,6666666667","0,1","-0,3863636364","-0,6666666667",USA
82,RCAT,Red Cat Holdings Inc,Industrials,Aerospace & Defense,19505527,78698265,111473288,51036469,49005540,19505527,"-1,775579371","-12,85842368","-7,220303579","-8,374203615","-1,628815666","-3,824179583",0,0,0,0,0,0,4,4,4,4,4,4,"25,21802005","25,21802005","25,21802005","25,21802005","25,21802005","25,21802005","-1,295074036","-0,03940051871","-0,01463860715","-0,1673663092","-0,7040319983","-0,204621735","-0,04134881883","-0,7769968953","-0,66909749","-0,1607405374","-0,4558701076","-0,3900234085","111,6784566","2,842327046","11,37688023","0,2859168196","-0,28124738","2,859991941","-0,5841766748","-0,2111613771","-0,1456880115","0,03199208698","0,009250543295","0,2367823044","-2,346773963","0,194486805","0,2139576683","0,1439602312","-0,180554203","0,2063504807","-1,109537693","0,9543726236","-4,083333333","0,6393442623","-1,272727273","0,2",USA
83,HFBL,Home Federal Bancorp Inc (Louisiana),Financial,Banks - Regional,60148320,46482360,70338533,51247256,43593600,60148320,"12,29923846","10,83351605","11,74179506","13,113337","7,435361487","9,734620287","0,01801653915","0,02738015758","0,01781101357","0,02117328108","0,03607528962","0,04485870278",8,8,8,8,8,8,"-0,8403329928","-0,8403329928","-0,8403329928","-0,8403329928","-0,8403329928","-0,8403329928","0,03745588776","-0,01846122709","0,09489682633","0,2266777357","0,2575728522","-0,01052135285","0,08994708995","0,07074994946","0,0950937644","0,08720004295","0,09563088891","0,05657822219","0,03779207265","0,09010528235","0,05907684589","-0,1121550669","0,2684748777","0,1670288839","-2,061566596","-6,123809524","-7,694046823","-5,777169895","-1,47139678","-1,542547223","0,7660999954","0,7054519609","0,7985077573","0,9016007114","0,791538138","0,6121406902","0,2886597938","-0,144","0,4672897196","-0,101910828","0,2836879433","-0,3535911602",USA
84,DXR,Daxor Corp,Healthcare,Medical Instruments & Supplies,39354087,100846975,91160184,78614082,44460048,39354087,"-79,39141653","-28,84897071","9,593895978","15,18193569","158,4237742","69,4318101",0,0,0,0,0,0,4,4,4,4,4,4,"148,2155385","148,2155385","148,2155385","148,2155385","148,2155385","148,2155385","0,07907849571","-0,04975001918","-0,06056486102","-0,009785753119","-0,08221016765","0,0006899285177","-0,03560058047","-0,1093768329","0,1907591243","0,1738683668","0,009484599671","0,01701490765","0,8747976208","-23,40465424","0,06812004248","0,8648819275","98,89040828","-0,9383961572","-2,708408564","0,2596057875","0,4868883915","0,2011619686","2,291681325","0,3546592246","4,192978642","1,244594739","1,38296831","4,076415636","0,9948807845",1,"0,5","-2,583333333","3,744186047","-0,4915254237","-0,899","0,8151815182",USA
85,ALRS,Alerus Financial Corp,Financial,Banks - Regional,390049500,469258650,504904320,466719800,442448790,390049500,"11,39870007","10,47993777","9,553613637","10,87974003","38,13727599","22,82276278","0,02645837343","0,02218537973","0,02136127534","0,02940879139","0,03322919188","0,03814104992",7,7,7,7,7,7,"0,2521219134","0,2521219134","0,2521219134","0,2521219134","0,2521219134","0,2521219134","0,04854810084","-0,0556674258","0,2943131123","0,232460413","0,05764105738","0,04096859943","0,08359722776","0,1125998402","0,1246560075","0,05002519704","0,01440213175","0,02012990468","0,08679327449","0,1716420463","-0,016566152","-0,04754149809","0,08271292701","0,3588007896","-1,60232041","-1,577124387","-2,299523669","6,365160543","10,21934001","6,724177818","0,8726501532","0,9034225036","0,9912720425","0,929580914","0,6746956736","0,5984485754","0,03804347826","0,3193717277","0,1785714286","-0,2929292929","-0,7238095238","0,4310344828",USA
86,INTZ,Intrusion Inc,Technology,Software - Infrastructure,1507330000,6181448400,1314974400,763234800,61107089,1507330000,"333,387458","-39,67879104","-67,29660181","-47,02907142","-4,399041826","-2,085622593","0,0004796533598","0,0003827916072",0,0,0,0,2,2,2,2,2,2,"-9,882501422","-9,882501422","-9,882501422","-9,882501422","-9,882501422","-9,882501422","0,002707287171","-0,02125460065","-0,01399261059","-0,01921951148","-0,1508008318","-0,4986766788","0,8635753976","-0,3494027532","-2,628082469","-2,293057316","-3,572360617","-0,9405345212","0,3276566757","-0,5148427765","0,09941078713","0,03462965508","-0,2547483065","0,02851541615","-0,3391516136","2,180544499","0,03322032109","-0,6771904063","-1,236272235","0,3454900684","0,6084438906","0,5907236743","0,5024048372","0,5545225129","0,7759757619","0,7676312597","0,9333333333","-32,03448276","0,8911111111","-0,2244897959","0,04166666667","-0,2869565217",USA
87,AMTX,Aemetis Inc,Basic Materials,Specialty Chemicals,17140330,65360694,414682200,139795920,207891760,17140330,"-0,4742823944","-1,427204234","-7,987029928","-1,269237365","-4,2964162","-1,410562162",0,0,0,0,0,0,2,2,2,2,2,2,"-5,140798535","-5,140798535","-5,140798535","-5,140798535","-5,140798535","-5,140798535","-0,6264658812","-0,3222484455","-0,1256066358","-0,4534823596","-0,09674104907","-0,4307139552","-0,07563579471","-0,07146413039","-0,1331389064","-0,2042936041","-0,08823830052","-0,1747020036","0,1776523676","-0,1804027763","0,2802176894","0,2102581281","-0,2720953714","0,4333992084","-38,4322887","-45,68071696","-8,482051282","-3,066522824","-8,444823924","-6,767080122","0,06286200853","0,06659337872","0,03745712412","-0,02157785375","0,01080244434","-0,002167090121","-0,0736196319","0,005714285714","0,1149425287","-1,025974026","0,608974359","-0,5655737705",USA
88,PRPH,ProPhase Labs Inc,Healthcare,Diagnostics & Research,455351394,668441700,660501375,781359403,407817655,455351394,"-14,48256834","-25,0452","8,682843934","4,136537941","-2,317233941","-0,2706469343","0,1277814748",0,"0,08346264597","0,1224649057",0,0,2,2,2,2,2,2,"-3,728900149","-3,728900149","-3,728900149","-3,728900149","-3,728900149","-3,728900149","-0,02346245218","-0,08043809733","-0,3277184845","0,3225227797","-0,3729445364","-1,277037428","-0,2856009422","-0,1561713836","0,1316736975","0,264583811","-0,2139896497","-1,026438858","-0,2476001828","0,4696233293","4,44591429","0,5516687331","-0,6381158936","-0,8474675559","0,1602658789","-5,313172043","0,5482086407","-0,07479205095","-1,136237944","-0,7389596734","0,2647833131","0,3173487667","0,4151463779","0,5760760557","0,3658750901","-0,02215657312","-0,7333333333","0,2307692308",3,"1,55","-1,960784314","-1,663265306",USA
89,BHRB,Burke & Herbert Financial Services Corp,Financial,Banks - Regional,417683202,317336256,440000000,484402464,467265859,417683202,"26,34468135","12,88199555","12,16645928","11,92724244","20,5924599","26,14167245","0,0335136827","0,04366358097","0,03379772727","0,02998740527","0,03369898526","0,03067704044",7,7,7,7,7,7,"0,4647297397","0,4647297397","0,4647297397","0,4647297397","0,4647297397","0,4647297397","0,05346091933","0,06003339583","0,1224295455","0,07235304454","0,0604771273","0,08702183786","0,03902428779","0,04344974478","0,05441397957","0,07138559053","0,03867405198","0,0275323722",0,"-0,069139116","-0,0227081441","0,086974317","0,273039631","1,445921297","3,352206031","7,053034166","10,82862511","11,44619843","17,88214656","5,960579356","0,774431016","0,8120932326","0,9725860364","0,9884291945","0,6712451165","0,585326343",0,"0,5613207547","0,3655589124","0,3030973451","-0,4872665535","-0,2251655629",USA
90,LDWY,Lendway Inc,Communication Services,Advertising Agencies,"8717665,11",10195925,41220880,14034570,8039840,"8717665,11","-1,56314506","-2,209298834","-11,4942841","1,392366116","3,401164043","-1,494776249","0,001605935538","0,001373099051","0,0003446510162",0,0,0,2,2,2,2,2,2,"0,413836881","0,413836881","0,413836881","0,413836881","0,413836881","0,413836881","-0,3107485266","-0,1609468245","-0,07646328974","0,7623120582","0,05834057008","-0,6083056672","-0,4731183289","-0,5495787717","-1,150576369","-0,1795852331","-0,2257940327","-0,0423524333","-0,3522686244","-0,1879412858","0,1156046219",-1,0,0,"2,96196319","1,400511985","1,079799764","5,939991607","4,575740319","6,560010669","0,2013656633","0,1633680357","0,1656155463",0,0,"0,1723188521","-4,987804878","0,1865443425","0,2443609023","3,791044776","-1,055258467","-9,451612903",USA
91,BVFL,BV Financial Inc,Financial,Banks - Regional,122509500,120734000,143091900,184500000,152384349,122509500,"44,89324707","15,79254415","15,1564347","18,88540479","9,645751806","15,6864608",0,0,0,0,0,0,6,6,6,6,6,6,"0,3388814903","0,3388814903","0,3388814903","0,3388814903","0,3388814903","0,3388814903","0,006160996568","0,03850613746","0,07102428579","0,04635471698","0,1137471342","0,08402740777","0,03238521778","0,05442481971","0,06973652137","0,06556355753","0,05452766164","0,04498741289",0,"0,5710447289","0,5970321932","0,2211093263","0,2119992778","0,04699072104","-4,875635197","-3,852941176","-5,370260706","-1,257566043","-1,854782962","-1,184272503","0,8538011696","0,8189637827","0,864310687","0,8847532823","0,8053758406","0,7704691438",0,"1,815789474","0,2336448598",0,"0,1136363636","-0,2517006803",USA
92,BYRN,Byrna Technologies Inc,Industrials,Aerospace & Defense,19885246,215857448,317601599,171383968,140805241,19885246,"-3,287265978","-14,24087392","-87,92560892","-24,56233109","-15,65305181","34,00722729",0,0,0,0,0,0,5,5,5,5,5,5,"15,94738559","15,94738559","15,94738559","15,94738559","15,94738559","15,94738559","-0,2771914491","0,006220266366","-0,02173839434","-0,08818427722","0,02330971421","0,02158978955","-1,241164844","-0,4422208539","-0,04642243272","-0,1581531412","-0,1757988807","0,1169878821","2,694321556","16,92076429","1,54492631","0,139373814","-0,1122491465","1,01097458","-1,25928379","0,1721814143","19,69079886","2,547847586","2,848651961","-1,738789512","0,1611898933","0,4532196245","0,5429316888","0,5470480473","0,5545211519","0,6153738514","-1,47826087","-0,7368421053","0,7777777778","-0,5909090909","-0,05714285714","2,486486486",USA
93,LINK,Interlink Electronics,Technology,Electronic Components,13850040,26404000,28388600,35975111,56081480,#ERROR!,"-45,31420764","233,6637168","-38,10609619","21,50318862","-146,6270348","-20,6783871",0,0,"0,001716132113","0,01112553371","0,007122741209","0,0097499337",4,4,4,4,4,4,"9,704067035","9,704067035","9,704067035","9,704067035","9,704067035","9,704067035","-0,01115478976","-0,001931525526","0,00257419817","-0,02661783939","-0,004255837872","-0,01325990983","-0,02432094556","0,01172083111","-0,006133540373","-0,04098614433","-0,03178165496","-0,1697300878","-0,1795822102","-0,05708418891","0,0856562137","0,002005883926","0,8604030428","-0,162195122","-107,5384615","-10,63931298","-56,69518717","23,6047619","-9,775943396","1,57253886","0,4531143053","0,5239547038","0,5426584648","0,5152809289","0,4705164993","0,4149327853","-1,492080253","1,36695279","-7,432748538","2,181818182","-1,609230769","-2,03030303",USA
94,TOMZ,TOMI Environmental Solutions Inc,Industrials,Pollution & Treatment Controls,13948309,76723074,32535244,"9684337,95",20082794,13948309,"-5,969321135","17,18459545","-6,524483514","-3,361337678","-5,887517739","-4,689152919",0,0,0,0,0,0,1,1,1,1,1,1,"-9,123232131","-9,123232131","-9,123232131","-9,123232131","-9,123232131","-9,123232131","-0,08076134286","0,055359094","-0,1542208628","-0,1525386253","-0,1904512123","-0,07374369562","-0,2977991745","0,3025111926","-0,3329132816","-0,2341259442","-0,2932352589","-0,5779756574","0,1365444905","2,943123696","-0,6901991986","0,07538670514","-0,1179567429","0,05225027616","-4,431831041","-0,691207915","1,087076127","1,189789012","-0,2426423941","-0,6435099713","0,6166406708","0,6010392032","0,5915576826","0,6069075217","0,5832481708","0,4596395688","0,2380952381","2,4375","-2,086956522","0,4","-0,1333333333","-0,2941176471",USA
95,SCWO,374Water Inc,Industrials,Pollution & Treatment Controls,28575095,234700149,3605225547,3623692787,1884832981,28575095,"-5,549468069",#ERROR!,"-84,65763738","-77,22758058","-22,84464424","-7,387546234",0,0,0,0,0,0,2,2,2,2,2,2,"-4,885625721","-4,885625721","-4,885625721","-4,885625721","-4,885625721","-4,885625721","-0,1005942272","0,00258771461","-0,00687601107","-0,01420651798","-0,04940902856","-0,1223990173","6,617498877","-0,03851106826","-0,2568334687","-0,5762484352","-0,5860699025","-0,792404532","-0,8737466727","2,607083333","-0,4443802703","61,69274428","-0,753292383","-0,4012449728","-0,6013387314","-41,31194196","3,567732322","0,8631517409","1,220676728","0,7935974079",1,"0,8354972854",1,"0,1115896722","-1,489687507","-2,048977988","0,191588785","1,034682081","-57,16666667","-0,09792284866","-0,6810810811","-0,4871382637",USA
96,SLNH,Soluna Holdings Inc,Financial,Capital Markets,3778197,46143163,149247925,"4270571,5",10022480,3778197,"19,80638235","23,19148574","-24,21608458","-0,03946158132","-0,179955207","-2,082597262","0,5535007909",0,"0,004945023078","0,9888459613",0,0,3,3,3,3,3,3,"-4,366491308","-4,366491308","-4,366491308","-4,366491308","-4,366491308","-4,366491308","0,03220027194","0,01810300404","-0,40593145","-17,84363809","-2,997218581","-0,1398567838","0,05418410042","-0,1803568757","-0,04057435005","-1,070269246","-0,2357918327","-0,8327457789","-0,1849417018","-0,9094506163","23,1092437","0,9900313698","-0,2620590605","0,8048514193","-4,091623037","1,599272727","2,89376054","-2,571800331","-2,131658451","-0,4401158946","0,664434637","0,3193277311","0,4374346462","0,8748730164","0,734121333","0,6028247547","-0,8359375","5,047619048","-3,655511811","-12,23721275","0,844374755","0,9712126664",USA
97,CZFS,"Citizens Financial Services, Inc",Financial,Banks - Regional,216394768,218911419,236685307,304268338,304192413,216394768,"10,9993843","8,404923714","8,141726767","10,37469167","15,76472068","10,70278237","0,02945731372","0,03099216641","0,03114259538","0,02516845251","0,03028290926","0,03124307258",5,5,5,5,5,5,"-0,638153215","-0,638153215","-0,638153215","-0,638153215","-0,638153215","-0,638153215","0,09928257564","0,05156671823","0,1585517913","0,1048331721","0,08518960242","0,1070365768","0,07669212578","0,06894894268","0,08219131682","0,04043490481","0,02742085962","0,04353344194","0,0910641465","0,161327914","0,04655033163","0,08855031454","0,4901229926","0,2154869776","2,149262924","0,2022917725","-2,926598957","6,159986859","10,64241372","7,092310293","0,8050905267","0,871448151","0,8987979701","0,8613674204","0,6223697584","0,5821926745","0,0867768595","0,1920152091","0,1307814992","0,001410437236","-0,4394366197","0,4547738693",USA
98,LIXT,Lixte Biotechnology Holdings Inc,Healthcare,Biotechnology,45573600,40449200,16358442,8491500,"5285831,5",45573600,"-18,67507969","-10,94939125","-2,383013381","-1,278147036","-0,8832660478","-1,273149626",0,0,0,0,0,0,2,2,2,2,2,2,"0,8159416048","0,8159416048","0,8159416048","0,8159416048","0,8159416048","0,8159416048","-0,03673503958","-0,05962252304","-0,2583854165","-0,5715841777","-0,9555027597","-0,6931465983","-1,022977772","-0,6418818872","-1,402916663","-1,221917449","-1,274227601","-4,319036434",0,0,0,0,0,0,"1,064958491",0,"0,7177143162","0,8492513873","0,8289601869","0,2910927662",0,0,0,0,0,0,"-0,009174311927","-0,3136363636","-0,7301038062","0,2","0,335","0,4022556391",USA
99,ISBA,Isabella Bank Corp,Financial,Banks - Regional,191864754,155962371,192109630,174006737,157616715,191864754,"14,76444257","14,31118052","9,850881866","7,97833137","8,890185501","13,94840953","0,04306989211","0,05471917585","0,0435594431","0,04555237762","0,05087054511","0,04205349047",9,9,9,9,9,9,"-0,4398705152","-0,4398705152","-0,4398705152","-0,4398705152","-0,4398705152","-0,4398705152","0,1142428628","0,1314633977","0,1244674514","0,1337600873","0,1245634891","0,09049217398","0,02678837717","0,02884704573","0,06282542015","0,08139049724","0,05418569345","0,04094863804","0,05266206098","-0,007676386596","-0,05908754884","0,07400808126","0,1856670716","0,1206315279","12,17720875","-5,842395639","-0,2286301214","1,663219782","3,463418732","4,785165549","0,7656344154","0,79551695","0,9032774005","0,9242335175","0,754131594","0,645797489","-0,07471264368","-0,1677018634","0,828358209","0,187755102","-0,175257732","-0,225",USA
