portfolio,Ticker,beta_2019
central fast,ABTC,0.2033105719310387
central fast,ABVC,-6.4798222748149605
central fast,ACB,1.1067939929677133
central fast,ACET,1.4430409685091903
central fast,ACTG,0.6148358257910022
central fast,AHG,0.8310235637671002
central fast,AIRT,-0.10956497117464119
central fast,AIXC,0.48150382344606446
central fast,AKRO,0.22673961732553813
central fast,ALDX,1.8623310841269434
central fast,ALM,-0.41556050026455776
central fast,ALOT,0.6487807666975581
central fast,ALRM,1.1021755277038474
central fast,ALT,0.35656407299617027
central fast,AMAT,1.7281171859977147
central fast,ANDE,1.2174671143968039
central fast,ANIX,0.349865196537234
central fast,AOSL,1.987134731809244
central fast,APLS,1.6636668561687669
central fast,ASMB,1.2179921178754234
central fast,ASRT,2.0252004717157317
central fast,ATLC,0.297589983451075
central fast,ATYR,1.231651602027053
central fast,AVDL,-0.03412635430793366
central fast,AXSM,2.0946744127649986
central fast,BEEM,-0.31938149622002104
central fast,BIIB,0.6943697556968818
central fast,BITF,-0.23254336540245954
central fast,BLRX,0.20271800591915393
central fast,BMRA,0.8226392929208872
central fast,BOOM,1.4243807286511163
central fast,BRTX,1.5162220103642803
central fast,BYRN,-0.44290862236327716
central fast,CDTX,1.3142110970685597
central fast,CENT,0.650253089561493
central fast,CENTA,0.7447053637918358
central fast,CGC,1.0886676138551497
central fast,CLGN,0.007339824766609821
central fast,CLWT,1.162145675872155
central fast,COMM,1.6534827690038252
central fast,CPRX,1.330010181344253
central fast,CPSH,0.9922194948137592
central fast,CRESY,0.932443968654111
central fast,CRMD,1.7421731671167804
central fast,CRNT,1.1593286993342111
central fast,CRNX,1.1180351857794886
central fast,CUE,1.32856460117546
central fast,CVV,0.3846266049846056
central fast,DDOG,2.836884527760087
central fast,DHC,0.5805087095467187
central fast,DUOT,-0.12189461532230655
central fast,ELTK,-1.0414411654225253
central fast,ELVA,-0.06338281768572206
central fast,ENPH,0.8749282088675797
central fast,ESPR,1.1187131173707865
central fast,EVER,1.5078228285693054
central fast,EVGN,0.6686847685401621
central fast,EZPW,1.1946309734351526
central fast,FGEN,1.7605389810295937
central fast,FIVN,1.4909780794376786
central fast,FKWL,-0.13781433568894502
central fast,FLNT,1.6604189415308606
central fast,FORTY,0.5310251586504147
central fast,FRPT,0.9552209313324066
central fast,GDC,1.2431792634870409
central fast,GIFI,0.43663804176599935
central fast,GWAV,1.0118497861844435
central fast,HALO,1.325105823652464
central fast,HBIO,1.4672932261802984
central fast,HIND,0.4196018646293008
central fast,HNRG,0.9893835990972517
central fast,IBIO,-0.23715205538399559
central fast,ICUI,0.4411555953414826
central fast,IFRX,0.9746032473339674
central fast,INO,1.7564315434283748
central fast,IPHA,0.9645204249105085
central fast,IROQ,0.3257742424330055
central fast,KALA,1.4529509799979337
central fast,KG,-0.05815782536584188
central fast,KLXE,1.8775094750154269
central fast,KMB,0.453185112379758
central fast,KPTI,1.9206766776095825
central fast,KRRO,0.555859622083247
central fast,LEGH,0.4779373557231331
central fast,LFMD,0.9679217724023007
central fast,LINK,0.5488719797233392
central fast,LIXT,0.514360729744456
central fast,MDWD,0.7104747949308626
central fast,MGIC,0.5431713147975691
central fast,MGYR,-0.013079793685124205
central fast,MLKN,1.1632847618303332
central fast,MOGO,-0.4809180889694516
central fast,MRSN,1.6715009331850204
central fast,MRUS,0.7733136473506692
central fast,NAII,0.20905703330352357
central fast,NMIH,1.259451573621697
central fast,NNDM,1.1733509872202676
central fast,NSPR,0.14634009073089219
central fast,OLB,0.6174480488311442
central fast,OTLK,0.5570690408620858
central fast,PACB,0.2403826785851938
central fast,PAVM,-0.1528479524404309
central fast,PEBK,1.0915882280142508
central fast,PERI,1.2167086702053167
central fast,PETS,0.8985677837331595
central fast,PRPH,-0.23090844256191284
central fast,PRQR,0.6697547054233968
central fast,PRTS,0.20328597715720534
central fast,PSIX,0.08156404889966037
central fast,PSNL,2.0959803082456507
central fast,PSTV,2.505274203494232
central fast,PTGX,1.3811075769587893
central fast,PTON,1.0988829871365875
central fast,PXLW,0.8265962501023172
central fast,QMCO,0.2831347364509736
central fast,QNST,1.4215700177131334
central fast,QRVO,1.6770046704880308
central fast,RCAT,2.1494353906468167
central fast,RNTX,1.3524108926580138
central fast,ROCK,0.6757426516918318
central fast,RVYL,1.232986455498716
central fast,SAVA,0.42685045428207574
central fast,SBET,0.4824752408348221
central fast,SGBX,1.168445551042235
central fast,SGLY,0.6539077288649409
central fast,SHIP,1.2305740256736497
central fast,SLNO,0.7284934128445788
central fast,SNBR,1.3854552549496404
central fast,SONM,2.105283501527775
central fast,SPWH,1.3073980495647501
central fast,STIM,1.2316608800629159
central fast,SURG,1.0425111724495149
central fast,TILE,1.333627617089191
central fast,TLSA,0.20792889307260837
central fast,TNXP,1.3734484087962138
central fast,TOMZ,0.8005516596122157
central fast,TRMD,0.29174569406191425
central fast,TRVG,0.9400011601863311
central fast,TRVI,0.8887068689276567
central fast,UNIT,1.3383067437133644
central fast,UONE,0.3641019386009475
central fast,UXIN,1.1610432700534052
central fast,VIR,0.14988381746483562
central fast,VIRC,0.5158402470678165
central fast,VKTX,2.182073714310488
central fast,VMD,1.0014364206122162
central fast,VRCA,2.2385951530577546
central fast,VRDN,1.9042716292528257
central fast,VTRS,1.8745715166835797
central fast,WKSP,4.666649995446057
central fast,WORX,2.008645467794466
central fast,WVE,1.5459970243984467
central fast,XBIO,1.4885232896923426
central fast,XOMA,0.9571897660736737
central fast,Z,1.4039100734382426
central fast,ZVRA,0.3305522202559267
central medium,ADEA,1.3344181291278014
central medium,ADP,1.0555226327159002
central medium,ADPT,1.2911427130776585
central medium,AGAE,0.07525153735488829
central medium,AGIO,1.8116894989561176
central medium,AHCO,-0.04054786707275129
central medium,ALGN,1.6352276755968027
central medium,ALNT,1.3339058303046194
central medium,ALNY,1.358076337250951
central medium,ANAB,1.4221709082679903
central medium,AQMS,1.5277599176195678
central medium,ARCT,1.460363921155444
central medium,ARQ,0.622347204279441
central medium,ASPS,1.1542805296108967
central medium,ATRO,1.4590181846119101
central medium,BAND,1.2764207184904224
central medium,BCRX,1.6405515749200879
central medium,BLDP,1.1786409305149006
central medium,BNC,-1.2704642702728828
central medium,BNTC,-0.50972288809165
central medium,BTCS,-0.8288922403697285
central medium,BYND,0.38488978625692755
central medium,CENN,0.4544211235868283
central medium,CENX,2.395408926248538
central medium,CHRW,0.8225390581503758
central medium,CNXN,1.0560943740053328
central medium,COLL,1.0948325002697317
central medium,CREX,0.645786262719512
central medium,CRSP,2.3619994870550114
central medium,CRVO,-0.012351872705462268
central medium,CRWS,-0.0204075563734427
central medium,CTRM,3.2611888602226107
central medium,CYPH,0.7896361858385048
central medium,DLTR,0.6386942498962975
central medium,DNTH,1.6424332450850092
central medium,DXLG,0.8032629825509321
central medium,DXR,0.14639352200169606
central medium,ECPG,1.3418093858625442
central medium,EDIT,2.3323837612156564
central medium,EDRY,-0.19704222650373293
central medium,ENTX,0.8287430154308919
central medium,FWRD,1.013480906731177
central medium,GGAL,1.9411547430181009
central medium,GIII,2.1811815710165803
central medium,GREE,0.36464329155012026
central medium,HAIN,0.8297431257869996
central medium,HFBL,-0.14606754736190297
central medium,HNNA,0.4672591952947701
central medium,HROW,0.8337147708243501
central medium,HURA,0.9830164224963209
central medium,HURC,0.8243317966569088
central medium,HYPD,0.6518685584546808
central medium,INTZ,0.23597130331650473
central medium,IOVA,1.7667949140400865
central medium,IPM,0.5046429352843442
central medium,ITIC,0.6313583010971512
central medium,KALU,1.2249168357405154
central medium,KALV,1.013689036736001
central medium,KELYA,0.9261931954197163
central medium,KHC,0.38936388969050184
central medium,KOSS,0.34258424494140094
central medium,KPRX,0.889600594867483
central medium,LASR,1.9804218209772266
central medium,LOCO,0.5371492080383365
central medium,LOOP,0.10986925752686215
central medium,LX,1.6448016122880897
central medium,MCHX,0.7948046325590047
central medium,MNRO,0.7942788205198452
central medium,MRNA,1.3172805576983986
central medium,NAAS,0.9499453650461156
central medium,NISN,0.18656422960536256
central medium,NIU,0.5999687608723795
central medium,NIXX,0.18580825963015526
central medium,NNBR,1.7393225127902026
central medium,NOTV,0.7038975652493629
central medium,NTLA,2.416131792637213
central medium,OCC,0.9021741552043917
central medium,OCGN,0.04997896791114559
central medium,OMCC,0.16688471020102588
central medium,OMEX,0.11279664880482496
central medium,OPRA,1.1363800751572881
central medium,ORMP,0.3072258647364469
central medium,OVBC,1.3540366551359082
central medium,OVID,1.455087086505102
central medium,PAHC,0.8557028338683011
central medium,PBYI,1.7236109963204747
central medium,PCSA,-0.727020136189886
central medium,PDFS,1.1247272426184205
central medium,POLA,0.2884677732659446
central medium,PPBT,1.138137084272541
central medium,PRTH,0.7786565144424571
central medium,QCLS,0.890504791660465
central medium,QNRX,-0.09061119188581845
central medium,QURE,1.3754366712557051
central medium,RDNW,0.5601741706483458
central medium,RFIL,0.46657852372000813
central medium,RGNX,2.106279306591751
central medium,RIGL,1.8460167217237355
central medium,RNAC,1.5221986619674617
central medium,RYAAY,0.6230377403378968
central medium,SFBC,0.20274600244681515
central medium,SGA,0.6097984255730005
central medium,SHEN,0.9778460221385392
central medium,SLGL,-0.2621711663156211
central medium,SMCI,0.8828382154705782
central medium,SSYS,1.6225265838107445
central medium,STAA,1.7492668161182714
central medium,TATT,-0.16500914850471196
central medium,TBBK,1.101915077685482
central medium,TBRG,0.6807026311553188
central medium,TCRT,1.6524090752140703
central medium,TECX,1.2154835212613462
central medium,TREE,1.3755621617651792
central medium,TRUP,1.5900120982140669
central medium,TTGT,1.3906148536801572
central medium,UFPI,1.1220982413075453
central medium,UOKA,0.26284466114755317
central medium,VIOT,1.1009153790066117
central medium,VIVS,1.5602205712414916
central medium,VNOM,1.148246028105943
central medium,VSTM,1.3644489200880683
central medium,VUZI,1.0100435534923733
central medium,WFCF,-0.12818631630774296
central medium,XBIT,0.8931861909440103
central medium,XWIN,0.3008714984839853
central medium,XXII,1.2078400387022057
central medium,ZBRA,1.5943453925542372
central medium,ZKIN,1.0855941199144257
central medium,ZYXI,0.6982266449273868
central slow,AACG,0.005359530948187601
central slow,AAOI,1.8365077329153952
central slow,ACIW,1.5400266156455689
central slow,ADBE,1.3389406583887744
central slow,ADI,1.602092031107814
central slow,AFYA,0.5323844563733999
central slow,AGPU,0.8950679222687048
central slow,AIHS,0.6224185786806511
central slow,AMBA,1.809055047723296
central slow,AMRX,2.2482435090311426
central slow,AMSF,0.6054947136772205
central slow,AMZN,1.32709992492725
central slow,AREC,0.546011076827168
central slow,ASYS,0.9846273977220033
central slow,AVGO,1.4502245015315447
central slow,AZN,0.48988667569332583
central slow,BANX,-0.001640072285769809
central slow,BATRK,0.5649506163690082
central slow,BCYC,0.9516673050959361
central slow,BDRX,0.26123690485304524
central slow,BELFB,2.0697666172792344
central slow,BHF,2.0817315244766097
central slow,BIOX,0.8901469639035927
central slow,BKR,1.1645102614872358
central slow,BSET,1.1070891454640825
central slow,BTAI,1.350279479689575
central slow,BVFL,0.10908295867523046
central slow,CCOI,0.8808263150482936
central slow,CCRN,0.9444343747937709
central slow,CDXS,1.5102925981484274
central slow,CELH,1.3257575779762
central slow,CFFI,1.031130157255109
central slow,CGBD,0.5033918499910883
central slow,CHMG,1.0523086015483147
central slow,CLNE,1.5787900982582226
central slow,CNOB,1.0036353012762336
central slow,CODA,1.487999126900203
central slow,CODX,1.4145581452750209
central slow,CPRT,0.8115550804576888
central slow,CTRN,0.9277070480834385
central slow,CVGW,0.7404665538876213
central slow,CVLT,1.0512225979845435
central slow,DOCU,1.6600028949331926
central slow,DRIO,-0.641829304344082
central slow,DSGX,1.0376809041792814
central slow,DTSS,1.8378439570346778
central slow,DXPE,1.5148414204397194
central slow,EDAP,0.05143661910950272
central slow,EGBN,0.899765417304864
central slow,ENTA,1.3118484358967235
central slow,ESCA,1.0047393300322394
central slow,ETON,0.23028492788285707
central slow,EXC,0.29759124696295336
central slow,EXTR,1.587521533991759
central slow,FCA,0.7997428024226613
central slow,FITB,1.0790508098099618
central slow,FLWS,1.0360301569335726
central slow,FTAI,0.5387649766936078
central slow,FTDR,1.0981724942743623
central slow,FTEK,0.9172105980778489
central slow,GLDD,0.8194856273630307
central slow,GLRE,0.9368732632038452
central slow,GMAB,0.531314068759265
central slow,GNOM,1.1521930452806404
central slow,GNSS,0.6717361876551033
central slow,GRCE,1.4094169029795631
central slow,HAS,1.284440476036828
central slow,HCSG,0.9541968891831585
central slow,HIMX,1.2434944346744388
central slow,HQY,1.7863632151766529
central slow,IBKR,1.1151346894825533
central slow,ICLN,0.7759265722334274
central slow,IMMR,0.8425100759992004
central slow,IMTE,-0.28653934213731524
central slow,INCY,0.8666016691523499
central slow,IRTC,1.7732748982656024
central slow,JBLU,0.8582151960410533
central slow,JOYY,1.8853966688407346
central slow,KINS,0.32269425629075343
central slow,KRMD,-0.2340326225640403
central slow,KRNT,0.9698768548638752
central slow,KRUS,0.5148254912995127
central slow,LBTYA,0.917316877637945
central slow,LDWY,0.883739842153692
central slow,LFWD,1.1435148488337428
central slow,LGIH,0.9617698797097529
central slow,LGO,0.9557568798096696
central slow,LTRX,0.6332182607295208
central slow,LWLG,0.1918028318125446
central slow,MAAS,0.4646596331226121
central slow,MBAI,0.2945677476693219
central slow,MELI,1.6767330666470261
central slow,MEOH,1.7599194383928345
central slow,MOMO,1.9350722937216833
central slow,MRVL,1.674719912089946
central slow,NBN,0.4745104657201427
central slow,NCMI,0.8445701977306341
central slow,NFTY,0.3054149777400284
central slow,NVEC,0.7947482981638893
central slow,NWSA,1.0270400492740677
central slow,NXST,1.1867385682612772
central slow,OFLX,0.8635941016888323
central slow,PCAR,1.1957981623102687
central slow,PENG,1.8493262840227325
central slow,PLMR,0.8719186207897744
central slow,POWW,0.8844778102666576
central slow,PPC,0.7603101073125778
central slow,PRDO,0.7960187242281204
central slow,PTC,1.5362337254794596
central slow,PYPL,1.3106185177995655
central slow,QCOM,1.2372520019256688
central slow,QNCX,0.5905196855190222
central slow,QVCGA,1.3943741387987496
central slow,RARE,1.9259651040218637
central slow,RCKY,0.8417452546519261
central slow,RGLD,-0.228944709294782
central slow,RNRG,0.5132673762742547
central slow,RRBI,0.08417935485855045
central slow,SATS,0.7533771331141994
central slow,SKYE,1.3077952638923416
central slow,SLE,1.1835665535575224
central slow,SLNH,0.7225358026376502
central slow,SMPL,0.758393256610028
central slow,SPFI,0.490510190229203
central slow,SPNS,0.4925340844303762
central slow,STGW,0.657711140771923
central slow,STRT,0.31057340054990307
central slow,TACT,0.20619584646662922
central slow,TBCH,1.83561840388062
central slow,THRM,1.3375952025383242
central slow,TLPH,0.9445203015479623
central slow,TOUR,1.0034203121083882
central slow,UCTT,2.0963152342493516
central slow,UNB,1.0645387820219725
central slow,UPBD,0.5221421945081558
central slow,VALU,0.9344358856877336
central slow,VNET,0.6926387418375313
central slow,VRA,1.164705020614627
central slow,VRRM,0.6447082776198225
central slow,VRSK,0.7696059629335398
central slow,VSEC,1.3947533314652734
central slow,VTGN,1.7680404907660747
central slow,XENE,1.2613189535338498
central slow,ZTEK,1.5412403329247906
central slow,ZUMZ,1.4837668051812885
peripheral fast,ACWX,0.8255619603168658
peripheral fast,AGNG,0.6199084529744222
peripheral fast,AIA,0.9972514625508254
peripheral fast,AROW,0.8489149316952375
peripheral fast,BATRA,0.5833793609552458
peripheral fast,BCBP,0.7505224854691392
peripheral fast,BNDX,-0.04801775366037266
peripheral fast,CALM,0.5866962977479699
peripheral fast,CARZ,0.9212558949393537
peripheral fast,CDL,0.8084100307783645
peripheral fast,COLB,1.0507646691435564
peripheral fast,COMT,0.5668222650950269
peripheral fast,CPB,0.3437945557211081
peripheral fast,CYRX,1.5241339177061164
peripheral fast,DENN,0.3171658421259486
peripheral fast,DGRW,0.9906694658189406
peripheral fast,DRH,0.8460002574688417
peripheral fast,ENSG,0.9083344964619595
peripheral fast,ENZL,0.35883664925550396
peripheral fast,ERIC,1.0545172218512606
peripheral fast,ERII,1.4936674685281963
peripheral fast,ESPO,1.192797765750035
peripheral fast,EVO,1.215107226143448
peripheral fast,FCBC,0.826564412305072
peripheral fast,FER,-0.13624393589416622
peripheral fast,FEX,1.026377277999337
peripheral fast,FHB,0.8579366369114165
peripheral fast,FIEE,-0.2184278926005883
peripheral fast,FJP,0.7517341227118212
peripheral fast,FKU,0.657447193781
peripheral fast,FNY,1.165148670781735
peripheral fast,FORM,1.6410547498276076
peripheral fast,FTGC,0.25084929902493486
peripheral fast,FYT,1.1632595883966927
peripheral fast,GECC,0.20711250460746872
peripheral fast,GLPI,0.46640608845282344
peripheral fast,GSHD,1.0469986312948083
peripheral fast,HBAN,1.1030772933519595
peripheral fast,HBNC,0.8655629817164836
peripheral fast,IBRX,1.4458904780798072
peripheral fast,IDN,0.5707813469195641
peripheral fast,IFGL,0.43179987188715335
peripheral fast,IVAL,0.931478876496441
peripheral fast,JBHT,1.0712602576747146
peripheral fast,KRNY,0.6981079825878876
peripheral fast,KTCC,0.4009614617919672
peripheral fast,LAZR,0.014319788117476875
peripheral fast,LFVN,0.9638913776900266
peripheral fast,LOAN,0.23165637809978717
peripheral fast,LPRO,0.05300598840899402
peripheral fast,LULU,1.04967337554122
peripheral fast,MANH,1.2174751978495406
peripheral fast,MASI,1.257848963879761
peripheral fast,MDB,1.750651194279469
peripheral fast,MKTX,0.555909878011714
peripheral fast,MU,2.13530349505659
peripheral fast,NRIM,0.9237497749872229
peripheral fast,NTRA,1.8241296599259758
peripheral fast,NTRS,1.2713220412960493
peripheral fast,NXTG,0.9369795899450978
peripheral fast,OCFC,0.8219626465301447
peripheral fast,OCSL,0.4729470347682119
peripheral fast,PEY,0.7447066091886325
peripheral fast,PRN,0.9965455183603763
peripheral fast,PRPO,0.7764565408594698
peripheral fast,PSCI,1.147144681199365
peripheral fast,PSCM,1.2130076634475435
peripheral fast,PSCU,0.6898592464676278
peripheral fast,PSEC,0.6787274360138286
peripheral fast,PTF,1.4086028159026045
peripheral fast,PUI,0.27974339919367164
peripheral fast,RFDI,0.808535632947267
peripheral fast,RICK,1.0978790119010775
peripheral fast,RNEM,0.5716821720745221
peripheral fast,RPAY,0.37443419868988387
peripheral fast,SBRA,0.5523463552901244
peripheral fast,SNSR,1.2647537637902337
peripheral fast,UIVM,0.7603962205455624
peripheral fast,UPWK,1.0293601448077072
peripheral fast,USLM,0.3973078386838102
peripheral fast,VOD,0.7229197383571664
peripheral fast,VONG,1.1131340164192838
peripheral fast,VSDA,0.7321897974234772
peripheral fast,WDFC,0.6408754842393435
peripheral fast,WING,0.5933066440848762
peripheral fast,WTW,0.9374337487421185
peripheral fast,WYNN,1.8924146830526698
peripheral medium,AEHL,1.9699847486712097
peripheral medium,AMCX,0.7978577005997344
peripheral medium,AMSC,1.2809636415343613
peripheral medium,ARCC,0.6000168163380005
peripheral medium,ARTW,-0.17114592588504643
peripheral medium,ASTE,1.2888700473300563
peripheral medium,ATLO,0.6728491710592412
peripheral medium,BILI,1.5817304232512026
peripheral medium,BND,-0.09902483002895682
peripheral medium,BWFG,0.6776365133111631
peripheral medium,CACC,0.9802744621243052
peripheral medium,CBRL,0.4172772228130072
peripheral medium,CDNA,1.6632503538577064
peripheral medium,CHGX,1.0090216225635629
peripheral medium,CHI,0.6327252215800951
peripheral medium,CLBK,0.6439205082368965
peripheral medium,CMCO,1.4413779711623478
peripheral medium,COLM,0.9904048963445092
peripheral medium,COST,0.7105754761420902
peripheral medium,CSCO,1.2918799748051883
peripheral medium,CSQ,0.9088184164914572
peripheral medium,CTAS,0.9873542303697226
peripheral medium,CVBF,0.9582328009278699
peripheral medium,EBMT,0.11977823057251753
peripheral medium,ECOW,0.5280191769473163
peripheral medium,EEFT,0.9933619046724455
peripheral medium,EMCB,0.08116758081079899
peripheral medium,EVRG,0.12450723193941564
peripheral medium,EWBC,1.5244154936493313
peripheral medium,FCVT,0.5527596717592685
peripheral medium,FDTS,0.42889097382601793
peripheral medium,FGM,0.8595960405240305
peripheral medium,FGNX,0.3816237692063035
peripheral medium,FID,0.5031529947348198
peripheral medium,FIXD,-0.08600695839359548
peripheral medium,FLN,0.866714842178964
peripheral medium,FMB,-0.07164518186147102
peripheral medium,FNX,1.1356007352883535
peripheral medium,FOXA,0.7770074651500395
peripheral medium,FSFG,0.4078976688066363
peripheral medium,FTXH,0.6755179491340761
peripheral medium,FYC,1.1327582170878272
peripheral medium,GAIA,1.299226456647732
peripheral medium,GCBC,0.40115689535748045
peripheral medium,GNTX,0.8099447869344096
peripheral medium,HBT,1.010287600298602
peripheral medium,HERZ,0.8704286272255712
peripheral medium,HGBL,0.09818752284602235
peripheral medium,HNDL,0.22021764046082848
peripheral medium,HST,0.8857618143900051
peripheral medium,HTBK,0.9957818313359903
peripheral medium,HTLD,0.8829509727227808
peripheral medium,HURN,0.764715477807578
peripheral medium,HYLS,0.17166273417085778
peripheral medium,ICCC,0.5744698373213243
peripheral medium,IEUS,0.7502036341162324
peripheral medium,ILLR,0.007220176089939351
peripheral medium,ISBA,0.04375565996594013
peripheral medium,ISHP,0.7453169393062892
peripheral medium,KBWB,1.1240205566832557
peripheral medium,KBWD,0.6720979079604963
peripheral medium,KRMA,0.9809838190820238
peripheral medium,LFUS,1.4942223968861406
peripheral medium,LVHD,0.5600293363022885
peripheral medium,MBUU,1.4735252727124533
peripheral medium,MCRI,1.097892393818422
peripheral medium,MDLZ,0.5788073073127818
peripheral medium,MNKD,1.0846573138285553
peripheral medium,MNSB,0.29890929222045315
peripheral medium,MNST,0.9424025943941745
peripheral medium,MPB,1.0615309224858742
peripheral medium,NDSN,1.3248193202817682
peripheral medium,NWBI,0.5894850607653891
peripheral medium,NWE,0.35215439457877024
peripheral medium,NZAC,0.8869102986541081
peripheral medium,ODFL,1.1939328403399465
peripheral medium,ORKA,-0.13030175593770382
peripheral medium,OSBC,0.981171894165234
peripheral medium,OSW,0.27266759577613575
peripheral medium,OVLY,0.8872551631188953
peripheral medium,OXLC,0.38860885151929714
peripheral medium,PDBC,0.41299915913757484
peripheral medium,PENN,1.4170819854788126
peripheral medium,PEP,0.5354613859003498
peripheral medium,PFIS,0.7653186095538794
peripheral medium,PGJ,1.556003800920757
peripheral medium,PHO,0.90474601348711
peripheral medium,PPH,0.8445298693998844
peripheral medium,PSCH,1.156238421709063
peripheral medium,PTNQ,0.9369365358693561
peripheral medium,QQQ,1.2295119785014805
peripheral medium,QTEC,1.4942044750558825
peripheral medium,RBCAA,1.0855736778765193
peripheral medium,RGEN,1.6857852608065007
peripheral medium,RMNI,1.15185629225991
peripheral medium,ROAD,0.6244855733552029
peripheral medium,ROST,1.0283504385223836
peripheral medium,SAFT,0.8109553031031663
peripheral medium,SBUX,0.8134594217142908
peripheral medium,SCVL,1.2504071126083742
peripheral medium,SIMO,1.495840754809993
peripheral medium,SQQQ,-3.65813419160619
peripheral medium,STRR,0.275301266601891
peripheral medium,TAYD,0.03286726734590515
peripheral medium,TCBK,0.9123955407995945
peripheral medium,TLT,-0.43564140825421016
peripheral medium,TTWO,1.0921362940889343
peripheral medium,UAL,1.0897561477964492
peripheral medium,USTB,-0.03351096858249784
peripheral medium,VCSH,-0.04196944469246585
peripheral medium,VRSN,1.1884671467096481
peripheral medium,VSMV,0.6895657175544072
peripheral medium,VTHR,0.9851979152468046
peripheral medium,WHF,0.3350354706699238
peripheral medium,WINA,0.6921620408640958
peripheral medium,WVVI,0.15593469335110902
peripheral medium,XRAY,0.7912490759496776
peripheral medium,YLDE,0.3619251409643925
peripheral slow,AAPL,1.557019771028333
peripheral slow,ACGL,0.780633690314477
peripheral slow,ACIC,0.7377776644659015
peripheral slow,ACNT,0.726939321263303
peripheral slow,ACWI,0.9214235579571589
peripheral slow,AEC,1.0939006839174974
peripheral slow,AGNC,0.33446275217474136
peripheral slow,AIFU,1.310665225163232
peripheral slow,ALRS,0.0781254563106361
peripheral slow,AMGN,0.7226374575926028
peripheral slow,AMKR,1.5346479344619606
peripheral slow,AMTX,0.7229710426237728
peripheral slow,APRE,1.8410363785757982
peripheral slow,ARKR,0.2381089454502253
peripheral slow,ARTL,0.6589326605980952
peripheral slow,ASRV,0.12860473430680033
peripheral slow,ATOS,0.15965187422996957
peripheral slow,AVAV,1.1720687936228793
peripheral slow,AVBH,0.14407341780523714
peripheral slow,AWRE,0.2243663610420309
peripheral slow,BANF,0.9854405810514141
peripheral slow,BANR,1.0566912831525648
peripheral slow,BGRN,-0.049030411583517064
peripheral slow,BHRB,-0.00824320679293973
peripheral slow,BLMN,0.6549336514441768
peripheral slow,CAC,0.9762663176274835
peripheral slow,CASY,0.5778340867540493
peripheral slow,CCEC,0.7858966958635298
peripheral slow,CDC,0.7037550666695616
peripheral slow,CDNS,1.5449384388783227
peripheral slow,CME,0.37979462658050334
peripheral slow,CPSS,-0.16204283279138904
peripheral slow,CRAI,0.534586803727696
peripheral slow,CRIS,1.1595365335723076
peripheral slow,CWST,0.5333266340117642
peripheral slow,CXDO,0.7238428495994148
peripheral slow,CZFS,0.11263864993280127
peripheral slow,DRS,0.36183550606545634
peripheral slow,DSGR,0.6386400133688063
peripheral slow,DWSH,-1.4208560809051878
peripheral slow,DYAI,1.266019821659399
peripheral slow,EMXC,0.7363062180837489
peripheral slow,ERIE,0.8223606838716787
peripheral slow,FAD,1.0809900089214937
peripheral slow,FANG,1.3810787037594925
peripheral slow,FBNC,0.9311253553419588
peripheral slow,FNK,1.179110305407305
peripheral slow,FPA,0.8254098298847959
peripheral slow,FRAF,0.37557202779490967
peripheral slow,FRSX,0.5647131947234763
peripheral slow,FSCS,0.91064976929668
peripheral slow,FTXL,1.6092421631873741
peripheral slow,GBLI,0.9915645136617218
peripheral slow,GLDI,-0.17792917697033694
peripheral slow,HLNE,0.9555814044981547
peripheral slow,HTHT,2.0208752541528425
peripheral slow,IGIB,-0.047309245538594794
peripheral slow,ILPT,0.5755762669024793
peripheral slow,INDY,0.47357953061763336
peripheral slow,INOD,0.2464484804643445
peripheral slow,IPKW,0.7913650925034498
peripheral slow,JKHY,0.831959164106538
peripheral slow,KBWY,0.7117539378735896
peripheral slow,KDP,0.671894109033403
peripheral slow,KIDS,1.3155141998871034
peripheral slow,KMDA,0.2930691888163535
peripheral slow,LAUR,0.8379961471098881
peripheral slow,LKQ,1.051799211564194
peripheral slow,LMFA,0.9702463840998156
peripheral slow,MGNX,0.9625578287972277
peripheral slow,MSEX,0.5110778629478968
peripheral slow,NECB,0.12279137093476829
peripheral slow,NICE,0.6632154170788319
peripheral slow,NSIT,1.2758621357109203
peripheral slow,NWS,1.0265986623664232
peripheral slow,OCUL,1.2932469854660813
peripheral slow,OXSQ,0.3856501896896289
peripheral slow,PAA,0.749114905008796
peripheral slow,PAYX,0.9335579699397175
peripheral slow,PCYO,0.8870011260669926
peripheral slow,PIE,0.8369329399784002
peripheral slow,PLAB,1.4046803480402124
peripheral slow,PLCE,1.3161907859642734
peripheral slow,PLXS,1.2411625844493412
peripheral slow,POWI,1.7991531761636013
peripheral slow,QAT,0.49253134723903663
peripheral slow,RAIL,1.3913495584372553
peripheral slow,RCEL,1.867051303342179
peripheral slow,RDVY,1.186064297869423
peripheral slow,RMR,1.3554865067927717
peripheral slow,ROP,1.018518000627976
peripheral slow,SCSC,1.2341859132566686
peripheral slow,SCWO,0.5620517685838481
peripheral slow,SFNC,1.109232027650658
peripheral slow,SKYW,1.2840093751341846
peripheral slow,SMID,0.18352051576901363
peripheral slow,SSKN,0.9635872441807876
peripheral slow,STNE,2.0978328353291116
peripheral slow,STRL,1.275784019689071
peripheral slow,TER,1.626644606300909
peripheral slow,TROW,1.354605323746727
peripheral slow,TSBK,0.7280883532060014
peripheral slow,USOI,0.7948371966481033
peripheral slow,VNQI,0.5241886940624987
peripheral slow,VS,-0.5695985539592443
peripheral slow,WRLD,1.3470221485827654
peripheral slow,WSBC,0.8143477046099502
