,Ticker,beta_2019,momentum_2019,beta_2020,momentum_2020,beta_2021,momentum_2021,beta_2022,momentum_2022,beta_2023,momentum_2023,beta_2024,momentum_2024
0,AACG,0.005359530948187601,0.4680851050338468,0.17296795948199892,-0.11851849170051698,7.072602603240444,-0.11864406094746938,0.48302392746178324,0.06722682341118058,0.21474182380858867,-0.0793650988878909,0.39720374181872553,-0.12371134147315643
1,AAPL,1.5570221193960487,0.8737348411320738,1.1233509611863657,0.7962358895385186,1.309359999835813,0.3855076505080839,1.3057988766477995,-0.281995058172833,1.104514271629312,0.547982040656749,0.9450934383329858,0.3651988640492516
2,ACGL,0.780633690314477,0.6315386379263785,1.322388516380207,-0.18018435224367324,0.871570739638637,0.27020054358789847,0.6218339084478348,0.4092030649388212,0.5811442108149683,0.18908099463375638,0.4031638274367408,0.27908555655253053
3,ACIC,0.7377772216143442,-0.2186652729804932,1.0048528786153919,-0.5256464543918881,1.1538438276934373,-0.2226710740279848,0.42934882351791204,-0.7574668080127573,1.0134847629441508,8.460000073709777,0.7431823749065708,0.3676621517573444
4,ACIW,1.5400266156455689,0.38467216935119786,1.0719515480859878,0.007591646851711431,1.3516744600369626,-0.07946151138744506,1.0071992661800009,-0.34191703868605017,1.4057903195376962,0.32870167039178,1.1046946924741814,0.6948651448602448
5,ACNT,0.726939321263303,-0.17182566520139397,0.9732777615638715,-0.40566039433382517,0.4439058825500033,0.9874999523162842,0.7464635378741995,-0.46481483530987233,0.23299027855937626,0.06104330485717635,0.035915609667263794,0.14795916133103737
6,ACTG,0.6148358257910022,-0.13870962631193673,0.49454243200317927,0.5171102037708208,1.4694257925095813,0.37105265882206795,0.8542449495123476,-0.21161050227560263,0.7748627485948729,-0.01754384287606181,1.097527380200849,0.10459179577356847
7,ACWI,0.9214228001549871,0.26341545680470935,0.9176052287844357,0.1506916866003103,0.9253422711604774,0.19511080627756083,0.9216341216781136,-0.1881533956429734,0.9263326191157758,0.22245580156887979,0.8945824498915483,0.1878464028990463
8,ACWX,0.8255614994012984,0.20991439863470962,0.8487395820493502,0.09491295306186132,0.8360541829298936,0.07277126694549652,0.7744622041417156,-0.16549057914128484,0.8061981188287569,0.14874160791257207,0.6939426770034345,0.06568866546331109
9,ADBE,1.3389406583887744,0.462083028139443,1.0896540193920676,0.48745633795259646,1.3996253252281665,0.17552650430993033,1.4419477501547389,-0.4037067851039481,1.6629188931723833,0.7707466217761552,1.235504239697115,-0.23147209446428496
10,ADEA,1.3344180721250094,0.05240277966577689,0.9757234915614977,0.213157490749583,1.0951960978971522,-0.046613002043690344,0.8878782890378385,0.1467177508244879,1.346609437628633,0.2683550191023787,1.36173934388272,0.12414412843395328
11,ADI,1.6020938337205182,0.4118529515043492,1.1982150291314373,0.23884581549270623,1.3794148353071731,0.21691302453368788,1.2932822304062535,-0.056530012575620625,1.2531606572451512,0.24556030170891208,1.622413438363794,0.1166745216602263
12,ADP,1.0555197314408569,0.3299341701361973,1.1102853765316731,0.04531251018041327,0.86185580675717,0.480968436584732,0.9335613715984016,-0.0024722271012296293,0.8588175926177444,0.0025453989730606086,0.42534927560287566,0.2826754901857016
13,AEHL,1.9699847486712097,-0.6349206349206349,0.729617729550612,0.23943661971830976,1.9216004950420653,-0.33333333333333337,0.6390244736726879,-0.6380368098159509,0.2145913999224878,-0.6500000051549963,0.11214197113368418,-0.8954545476219871
14,AGNC,0.334467183697629,0.12919206806324746,0.7720782631118982,-0.025218255840112613,0.6190637741569243,0.07839588439236977,0.8692411445921068,-0.237338411095813,1.274504893855669,0.08979738362723877,0.6677315424151009,0.09626896084255465
15,AIA,0.9972498444570451,0.22853220279341624,0.7299275161616816,0.3073194450618839,0.9039619820276618,-0.11457182499004159,0.8008391731603627,-0.24457866113608062,0.9503122892443853,0.02910418386506719,0.9407745914356859,0.23380120990502173
16,AIFU,1.3106647861081007,0.17557325505600607,0.6086182954288831,-0.5122180083840153,0.521609608072413,-0.3992051982830329,0.3848588320054801,-0.017746897561423225,0.928259587074213,-0.07510433117216675,0.89147138237481,-0.8250000029802322
17,AIRT,-0.10956497117464119,0.30777309876311243,0.7630489648709562,0.010918174931418223,1.077685679969624,0.01157688320797634,0.688023722807608,-0.011595398355592423,0.49905819113172656,-0.31634303851293466,0.6584955257914121,0.2127410438224202
18,ALGN,1.6352276755968027,0.36369489185374504,1.408805868448599,0.8482798253716317,1.6446244795453056,0.2578732345559185,1.6467468754544052,-0.6745621512705589,1.9848122345206214,0.29074807601102415,1.4043561964345255,-0.23181618505099488
19,ALNT,1.3339032346691129,0.0587689341129376,1.3760946368763505,0.06909983460039637,1.5368246282085087,0.07444708805389832,1.1038630525990312,-0.1586693828033624,1.215347238614336,-0.13230232085228,1.3076276540288703,-0.18373328318505755
20,ALNY,1.358076337250951,0.5762781620961079,0.6126039872098026,0.13336784443214889,0.6338699307887172,0.33512873247710995,1.0805114279618377,0.3665113500786059,1.0188282735730734,-0.18057276996899907,0.5480286937133343,0.2107423350668325
21,ALOT,0.6487797500171419,-0.27774394248917256,1.308106472862538,-0.2412595798562316,0.08384103369846188,0.24542127165307903,0.140481087769198,-0.030257228753785004,0.3697949810361195,0.3049759373275245,0.5991394381890673,-0.23726711540300083
22,ALRS,0.07812500914815122,0.18479190748920526,0.5854174342677738,0.2780889387737573,1.1506650513692327,0.11996966571485101,0.7151240668114586,-0.1765744843970356,1.0841469437679154,0.03492760667734407,1.033959218731779,-0.10427647293699926
23,AMAT,1.7281191820045034,0.8532417199323448,1.4394986278505435,0.41725704025952126,2.174764402976493,0.8315078078083593,1.7250497380939622,-0.3854628029069719,1.6136536334396943,0.6910178772094604,2.216126681436185,0.068328065298912
24,AMGN,0.7226422542104366,0.29013419205664404,0.8010744188418306,-0.027700293061952763,0.6026082054708024,0.030072548115077202,0.3456804255604602,0.19518136689104537,0.5213629525178882,0.13893645490180773,0.6627605222230818,-0.1017354678338308
25,AMKR,1.5346473113639962,0.9895052917712079,1.481820053244841,0.1454993610189863,2.1464963234595427,0.6617797263652982,1.5942303110250953,-0.07706697820818564,1.7844381571116064,0.3211210406691638,2.320140470127641,-0.17335375861854496
26,AMSC,1.2809636415343613,-0.32936169238800694,1.163048285069543,1.9442331983946604,1.9726618936546578,-0.5303938364553102,1.6653952569379875,-0.6660617138028688,2.4998428904342083,2.1117320057902416,2.917185478165243,1.3247232848906672
27,AMSF,0.6054958840027863,0.2884010659166827,0.8672533436692,-0.06970658696676679,0.49404216131460993,0.018583549052659354,0.484782999510298,0.07003187129034849,0.514809615839348,-0.013543690690530075,0.42061411385757475,0.18623463273077867
28,AMTX,0.7229710426237728,0.31455395251086204,0.18343034657860857,1.8745836274975733,2.3267868932576774,3.3767608031113285,2.3971152685445025,-0.6979404926124428,2.8751102329287357,0.3435896520470436,1.745159661180966,-0.41213392898737844
29,AMZN,1.32709992492725,0.19995713227192424,0.6817056501831991,0.7312079511219653,1.0383936495179102,0.05845048659019492,1.638780901427789,-0.5070552576558551,1.538753630053014,0.7704498133500892,1.537935190331063,0.47602223612664285
30,ANDE,1.2174668422378085,-0.1689249054938572,0.9502314065064297,0.009192693438651034,1.3145423603389566,0.6230653193304285,0.5548508739781094,-0.0901757545955324,0.9514556953233346,0.7201179073568531,0.8580560193529473,-0.30190149387875254
31,ANIX,0.349865196537234,-0.18227848605532004,0.929615763485997,0.06333335240681959,1.2200031848123407,-0.07645259983431729,0.8315908743412609,0.4072847770999426,0.9749123183254775,-0.07398566552411634,0.9925205102857452,-0.3638676952840745
32,ARCC,0.6000129799916981,0.31422692410919195,1.100720548541112,-0.006216403560092676,0.5382812004668578,0.3782257761939041,0.7259965607141299,-0.030154980468250492,0.8155726696358051,0.19386602938682707,0.41820983201914425,0.20050129747043477
33,ARKR,0.2381097463633045,0.2849069962210511,1.166463879060532,-0.12453318426823434,0.9261184334384499,-0.0730897134374281,0.5276357892987306,0.014942983827608503,0.43734538085424157,-0.1405894747033517,0.7574971029703396,-0.19036347775997686
34,AROW,0.8489120886526027,0.22659563459562615,1.2681846596132593,-0.17462675319970566,0.7351510733093171,0.20526689075735804,0.5219730465156364,0.007600831574770206,0.9554331569486332,-0.13580497030379368,1.0379046620884533,0.05350232494365681
35,ARQ,0.6223475846696199,0.05100132932351431,1.2885082753398645,-0.4433157083489616,0.6614658587736326,0.20484169982771694,0.9079301649128353,-0.6389301545512123,0.9800898159900334,0.26271192861747417,1.1455340721644331,1.536842196844074
36,ARTW,-0.17114592588504643,-0.13658535507447211,0.41401687324898034,0.5277778182500685,0.34437743661706766,0.12662341381973197,0.13482200303675057,-0.4563380356417648,0.5098866990422276,0.08376961749607936,-0.355519801231716,0.6744184860221292
37,ASPS,1.1542805296108967,-0.1269195819064114,1.039625823088733,-0.3275243602438943,0.9087623834456224,-0.0745543002364556,0.2680907947213716,-0.18377912738554347,0.593037739896162,-0.5922107526402469,-0.5111672837777299,-0.7828746230325181
38,ASRT,2.0252006143609584,-0.6783919511294475,0.5854712789622798,-0.6806722864172952,1.7205342852153631,0.2443181419996514,1.3846116188881785,0.6226415094339623,1.8417652445956616,-0.743405284846894,1.4863508566348391,-0.22807020381302412
39,ASRV,0.1286059253602287,0.07412888008354157,0.5865574970820431,-0.22604468285841284,0.07903651001013326,0.27412691588635396,0.08355117790300456,0.04730405292492379,0.18412753995369277,-0.1432142184681271,0.2263468779349416,-0.15345373267493423
40,ASTE,1.2888697960902555,0.30182925977378683,0.889649093928896,0.3866043564239865,1.4117403934509214,0.20075012424037708,1.1372952765728785,-0.41061459200282824,1.0272794588834067,-0.08567300328952121,1.3541408593226973,-0.06256996879070631
41,ASYS,0.9846273977220033,0.4487704930046623,0.691560684906231,-0.10468322381842254,1.773431206110443,0.5377357747895151,1.165084691516812,-0.22210854160264915,0.7739868456103055,-0.47368423568590723,0.5561986220172428,0.27482680789563063
42,ATLC,0.297589983451075,1.5945122875339721,1.3103069287610458,1.6750546875855918,1.7167197788539732,2.203801880281414,1.5983167482480019,-0.6230215717562668,1.9717208632547223,0.4918980731142948,1.7185495305455702,0.5026538872959445
43,ATLO,0.6728498188788465,0.11418434997888194,1.2781520760831786,-0.11003702872633525,0.33195540902321574,0.09382242675740904,0.13373310023016763,0.017711741298432893,0.587748644893195,-0.04472631685756656,1.008535164689465,-0.189202753195442
44,ATRO,1.4590181846119101,-0.07925637042626688,1.6629861881192145,-0.5296852629071432,1.3864365818220294,-0.01400330078140799,0.9775761016366525,-0.14309485869593852,1.770063817747725,0.7179486673060234,1.7231297567853578,-0.08299474111975869
45,AVAV,1.1720687936228793,-0.08350366745552007,0.9343996687739117,0.3981260792255117,0.9735440946099517,-0.27615500358385325,1.1726414203144602,0.3655349001626278,0.7921257973737057,0.5033397712419134,1.0797196305718368,0.2559080263998297
46,AVBH,0.14407341780523714,0.19047619047619047,0.38027908866587345,-0.29292929292929293,0.1212571211524593,0.39444446563720703,0.2053501809877076,-0.18791679290660857,0.6420178314848676,0.032367152251196574,0.10058423796635259,0.07076169567882906
47,AVDL,-0.018446821454807596,1.604316491233186,0.8578331512292688,-0.09716596558947366,0.6218488669809762,0.20420430052712701,1.4962603284030827,-0.13630882022203705,0.9231127069472532,1.0171428407941545,0.4287557115820107,-0.26470586860331125
48,AVGO,1.4502255197768346,0.28395045359899207,1.235031459953006,0.41037845068627754,1.5116677360639608,0.6105293631001103,1.2978594556130336,-0.12996385566029645,1.4793534928771759,1.062686017161011,2.58308066614415,1.199718894702539
49,AWRE,0.2243663610420309,-0.07629426854740595,0.3573989285203289,0.005882347166332069,0.8259920780788476,-0.06451613579846482,0.6382991954139364,-0.46728971407299436,1.175486455299433,-0.029239807257405603,1.2308697464864653,-0.05294119462009894
50,AZN,0.22415336510003145,0.42465102953565403,0.3243769852669856,0.03934841529504651,0.37250417065442254,0.18660781384874459,0.2328111696493926,0.20438049237394096,0.19224211222809937,0.0059068417684431385,0.05969074653164737,0.0019032516473933558
51,BANF,0.9854396653186128,0.26784553351426466,1.2995812697014166,-0.03923114808309813,0.8604787268973366,0.2366726454296766,0.4817856529677478,0.24822314345611685,1.133971838983574,0.13746616497076936,1.1164491714465723,0.2512757247890349
52,BANR,1.0566916042255607,0.07953225763194083,1.4444393819073682,-0.1380403491057346,1.218462534930855,0.3630325339311693,0.7012387529232692,0.06115874283304956,1.426390604323785,-0.11530330183657578,1.1768370786338058,0.30869249173584
53,BCBP,0.7505266798819241,0.34630568099767944,1.0917128746818086,-0.14704374720756974,0.8285776223262362,0.45677232749244134,0.4652796341553727,0.2138203654595019,1.109312246145731,-0.24355248193546164,1.2190415778135812,-0.06027862241825144
54,BCRX,1.6405515749200879,-0.6211764672223259,1.1915546368301773,1.2058822910678444,1.7365851671036796,0.8685636514922612,1.3302009092863514,-0.1840796168276142,0.8485168339743566,-0.47685590647161735,1.391133471202995,0.24052718234888726
55,BELFB,2.069767901796776,0.08240210487959443,1.5353516146690114,-0.20161908387337535,1.3762885890437113,-0.16700652946997097,1.0675929818763994,1.5853503215199929,1.3891697203859794,1.0524868811154704,1.414532353306555,0.2605377109524154
56,BHRB,-0.008243097759555966,-0.21878612903434158,0.007644733327255293,-0.19307059321037556,0.11421842974891146,0.34071691250266634,0.1366910095310959,0.3333875544031555,0.5194326233828426,-0.08171425936404908,1.283018619382734,0.0366404055711016
57,BIIB,0.6943697556968818,-0.028487947114216428,0.8752718360024159,-0.17217234259343006,0.3385476665661767,-0.012142403726272288,0.9192993595061824,0.13426728155990908,0.7830786319847123,-0.05083818956427122,0.6088806001865857,-0.43898245401644564
58,BKR,1.1645111109918729,0.25643888480950117,1.4665534705405474,-0.13617190039763016,1.1510167599006487,0.17525661801075132,0.6689620447359941,0.21033349205363838,0.8414907584123871,0.21796031174347696,0.7581126933178794,0.23778899653721464
59,BLDP,1.1786409305149006,1.5719556059333324,1.3050666206330948,1.9449999332427979,2.099389071812811,-0.4380825804893903,1.9702213602587855,-0.6207442661559261,2.474247122583942,-0.21775897827406931,1.163682284596369,-0.5424657771367694
60,BMRA,0.8226392929208872,0.47938134067433125,-1.184414140508068,0.6769759348814155,0.8809794476362607,-0.22924898429443508,0.5404180339625093,-0.1947115318485969,0.28290685890212847,-0.6355685202123691,0.8979583092648858,-0.7539682502138672
61,BND,-0.09901995543290222,0.08731091437278993,0.0559597718914233,0.07427594636303869,0.00203729007183454,-0.017041841291735804,0.1072341253161753,-0.12523850284347338,0.08305622350134104,0.05098387682915306,0.06240535899177852,0.019816331384520325
62,BOOM,1.424379805891219,0.24362671770148236,0.8871394367101044,-0.02821674416445419,1.0411743302750733,-0.08980143433306753,1.4055132890311979,-0.5468531505219021,1.4460005699242808,0.060879365143192476,0.8025276755829347,-0.6085997715807988
63,BSET,1.1070880611541323,-0.17026969307667794,1.155789298142995,0.3263979878300276,1.5609161850287623,-0.10312243136261445,0.7020016630687553,0.1232537745342015,0.2848842733757806,0.019036358328014424,0.370383689111326,-0.11350998446171501
64,BVFL,0.10908295867523046,0.18965522622994002,0.030860835974644195,-0.07246383925968103,0.020609187426749765,0.18235296390972344,-0.054619020471121466,0.24378106634032837,0.3012927079581481,-0.13167349567454645,0.17968759706540072,0.2130342614337326
65,BYRN,-0.44290862236327716,0.2666666507720947,-0.022272562611619924,6.095238235802343,0.3151248913463478,-0.08698633045075477,1.0666529640760423,-0.42310521967912196,0.4186440229764341,-0.19113926717131324,1.5121071976547846,4.277486853483087
66,CAC,0.9762699653429517,0.3095443120340162,1.0920437899889135,-0.19920977521889704,0.8790282606355314,0.38218215219321094,0.43119944116410747,-0.12347052404676084,0.9856319494013714,-0.05346262195079332,1.04801782326329,0.1865588289057094
67,CACC,0.9802744621243052,0.1294606857348144,1.1347356609045562,-0.2291483026686012,0.3119219351590718,0.9910714285714286,1.3840260516659133,-0.26884906254071383,1.8482843100155018,0.1670390107940687,1.1656022825826768,-0.1405269222102613
68,CALM,0.5866933690945648,0.009433307867940721,0.41324077003452975,-0.1085198825042123,0.14793373733144327,-0.017101842042676174,0.2602438384130315,0.49017041249574467,0.45678003242266707,0.1233527013665976,0.2421999492733015,0.877035874284932
69,CASY,0.5778375116141176,0.2641943933383739,0.837757304378283,0.13354559525088905,0.622923022993447,0.11065639669538818,0.619178338301284,0.14529906941736614,0.3966819731880803,0.2517155877821673,0.7763942219879197,0.444205317168606
70,CBRL,0.4172730674419606,0.02046439357272334,1.2551391249777821,-0.11114639107543745,1.0202911854190118,0.0389532656244751,1.0208029429624494,-0.2440725718158594,0.9547498663521461,-0.13720722991116396,0.9546484897033001,-0.26605378760306064
71,CCEC,0.7858953568640268,-0.046226350428139384,0.9384606069461031,-0.36337876020690707,0.8320017448292711,0.9757888513267619,0.5285498394204917,-0.10759834587230432,0.4683240607974461,0.09336451911401689,0.14463035127262758,0.32241357583095076
72,CCOI,0.8808267409148577,0.5365968699404386,0.7447729179400782,-0.06501872888321436,0.9055457114141225,0.2916541628644902,0.679739292472281,-0.16618210749790252,0.6526524133727066,0.39617120607799294,0.577776392117048,0.05000487717296087
73,CCRN,0.9444343747937709,0.5346666971842449,1.1331897556032546,-0.20986540618572858,0.979990074036682,2.062983284987491,1.0946981467709478,-0.04424458906447015,0.4418705674204349,-0.16734097296945416,0.7722772377869789,-0.22555747417309235
74,CDNS,1.5449384388783227,0.6190145409413734,1.0880426093518447,0.8931970237673146,1.657094470993881,0.38663824113900525,1.3423762296958495,-0.12295263060818384,1.2665988761520195,0.7061513164528916,1.8365295897835368,0.14819320030269156
75,CELH,1.3257575779762,0.4057974484857776,1.1254048720266494,8.351581242527459,2.0726116065039855,0.48405334785906073,2.1861499726637224,0.38553732935688356,1.4161258258940719,0.627948573463901,1.3096412419111363,-0.5620870588508992
76,CENT,0.650253089561493,-0.10818543964135352,0.7287572800976883,0.2416392745366629,0.9188571433545134,0.3621313609961785,0.6216831142195068,-0.2905853310265004,0.712386365016223,0.359837146914193,0.8614133669588171,-0.022580582478695432
77,CENTA,0.7447053637918358,-0.07160883048243882,0.7246664072736315,0.24145155822683462,0.9425855106546002,0.321655141896215,0.6178704421888801,-0.2554076833658514,0.725184148934035,0.2504258127301302,0.8931365019714691,-0.07915357882509932
78,CENX,2.395408926248538,-0.017218557769104414,1.1658733450108894,0.39119171800541475,2.0999763370255673,0.4740144254351437,1.9917079853242763,-0.5084134251672827,2.4152888761241456,0.48957066399372606,1.7404525414328422,0.529362367915708
79,CFFI,1.031129247979335,0.03085115291076934,1.1946249755632894,-0.28713875577307735,0.28340403007363957,0.43906254656247024,0.09184345721159277,0.16653940262489697,0.3721754204988985,0.18212812638689768,1.2391947155682488,0.06287903124774719
80,CHI,0.6327346834267262,0.31627318497299517,1.0648094797893533,0.34691619189063827,0.7287099493166379,0.23595712169870797,0.7673105881252593,-0.23051311829277454,0.8225239594209353,0.08153771856576153,0.6042195082712101,0.30473975484804683
81,CHMG,1.0523038772617457,0.021040718492955968,1.5123634400529256,-0.1609272431008062,0.27865331675416644,0.3870083357981058,0.0932658343977475,0.03806380617457972,0.6529164815817987,0.12825985226522274,0.5273050790391404,0.008353618645156935
82,CHRW,0.8225346905765079,-0.04249605990787164,0.5424736839828713,0.2244384623672362,0.7689276372000456,0.18495830011640035,0.6598991930263748,-0.1331219402609316,0.8625631214316145,-0.017289400963571122,0.28827009268357934,0.22033266361959325
83,CLNE,1.5787900982582226,0.2777777851363761,1.7601173767579101,2.426777916694557,2.1347979405544066,-0.20051081866181097,1.751906985842775,-0.20489299088745228,1.9169554748805437,-0.24754424186828727,1.67404270157538,-0.3447368313731247
84,CLWT,1.1621455029272376,-0.16546778094408832,0.01724995391944084,0.78587344111349,1.6452851125766346,0.03370788755271836,0.958123689883962,-0.5499181810886988,0.2161854216568236,0.22388063595305518,-0.032530535508064215,-0.07626158625737234
85,CMCO,1.4413791795241067,0.3522208226933605,1.3549116934970171,0.006570952834174637,1.166279902097227,0.19864341556288867,1.1532783599003449,-0.2927261217440853,1.3503029950171999,0.2052182990240501,1.2617586491667465,-0.026254290954621506
86,CME,0.3797938360188059,0.10314180941345619,1.0068773337164576,-0.08940054989536139,0.723206393903567,0.3157051829352342,0.5100896894419834,-0.21862235562827603,0.3166907729435854,0.30705301485172165,-0.024638379894334428,0.1581658237811101
87,CNOB,1.0036293717469202,0.3735276959247311,1.2900630406708422,-0.21961902500829733,1.0359916252579482,0.6832712576362627,0.7182651153589711,-0.25084934390317937,1.4886204453377123,-0.01270513033310705,1.2646753749503623,0.019406139505624198
88,CNXN,1.0560955742262337,0.6740458515836323,0.751453892749213,-0.04737074668155683,1.2115717126503058,-0.047340905096108665,0.6956450026559486,0.08479668307191512,0.6380201872373111,0.345325809864367,1.2452168495356564,0.05933457526964658
89,CODA,1.487999126900203,0.41736228639843853,0.6458405897317955,-0.27080891149980324,0.3994192247785744,0.15284175892110285,0.275483119053204,-0.1623931031760384,0.6711024079476152,-0.09473685795580555,0.39846949783496766,0.29204270239234575
90,COLB,1.0507656678359965,0.15252852295807373,1.2639266887017482,-0.09249298629263591,1.215610336958534,-0.03596256391469477,0.8157153543250673,-0.062359342131188766,1.7758353368353763,-0.03056445312286238,1.2425206278892194,0.08175498548010363
91,COLM,0.9904041325576631,0.20432686500136255,1.0397787310893063,-0.1207615045489362,0.955773709737785,0.16457277555003724,1.1428742043339637,-0.09398862619578274,0.9118988631515947,-0.08858468611148962,0.43876728613523475,0.06791500770049685
92,COST,0.710577769671756,0.455552366739687,0.5994373881046429,0.329450950820785,0.7675232815320443,0.4947073510179485,0.9148094024688177,-0.18908401823674104,0.8073999994624881,0.5006235534185859,0.8316254829219575,0.4256451164370396
93,CPB,0.3437930964927211,0.5815869455842926,0.38674233875075953,0.01948435380017055,0.06154722533275704,-0.08189663662589852,0.22962065857521516,0.33979786965693326,0.10705349021518411,-0.20682685586944316,-0.13883239393598498,-0.043538568732859995
94,CPRT,0.8115550804576888,0.9056208059732014,0.9844837466023022,0.35365849776835323,1.2389551989485872,0.2522171564054947,1.1595310271974502,-0.17128274033112456,1.0485756906437387,0.5945330533654183,0.8858119645041944,0.22353195373127743
95,CPRX,1.330010181344253,0.7393366155249372,1.4494864426914986,-0.09283817145976547,1.0941525537275518,0.9518413377700352,1.1672096365039164,1.6878612971679456,0.9397030734015694,-0.06921373405116948,1.150884528145016,0.23144353846935894
96,CPSH,0.9922194948137592,-0.1707317356833522,0.6074323787107996,1.9047619912629803,2.108515366881401,0.41391936561445175,1.4154348245419535,-0.3120204608259075,0.8507984969531919,-0.12313438578527114,-0.043604802804901026,-0.29741377494210386
97,CPSS,-0.16204283279138904,0.058103993372692564,0.17041010915467733,0.2264705762731165,0.6757937240856956,1.5847254834861282,1.7290798506872194,-0.23706895772115255,1.4705936653764384,0.09080322690520592,0.5029967257972544,0.17161710008313436
98,CRAI,0.5345846367188662,0.26030673437400664,1.045987815500535,-0.04756252302089825,1.105366173100956,0.8787871872142419,0.7039389630451096,0.31968549701300275,0.5569024415713845,-0.18537706655305253,1.1377162260834486,0.8904642336308335
99,CRESY,0.9324442224143737,-0.422025758883564,0.9018909059173804,-0.30983853313715726,1.390425399610609,0.08409104019629776,1.1221850007853935,0.4486362002138655,1.0395057833622252,0.8130795132592958,1.1840105295319414,0.5135627165882188
100,CREX,0.645786262719512,-0.40909093297456267,0.3253762499252643,-0.1312500186264508,1.435876197361577,-0.10967746632734998,0.8987430757127532,-0.5999999890382259,1.2403703644470185,0.33333328843341214,1.3980505681367696,0.1585903685195047
101,CRIS,1.1595365335723076,0.9024391151623403,0.4851917275066091,3.227026862067145,-0.1294943343934252,-0.4717608067454998,1.2124810579725338,-0.8927875227719956,0.9037017259621808,0.028225838083631327,0.4643653863071167,-0.7477911523687394
102,CRNT,1.1593286993342111,-0.467532466728222,1.0866238470798997,0.23981898743954844,1.375802421571678,-0.11986305955695953,0.8264171643681361,-0.3003663174809723,0.9005557202001037,0.0909091237491153,1.2765815236322129,1.19905217875609
103,CRVO,-0.012351872705462268,-0.8047619047619048,0.36833929165537244,0.7391304347826086,1.1390992626160166,-0.6309523809523809,0.7918998925217142,-0.6933333271681661,0.3919800696866789,-0.04744071205775291,0.9825538077908664,-0.7012499868869781
104,CRWS,-0.02040980461912428,0.13395321136825356,0.518851484333478,0.2473669512855936,0.12913741642507887,0.10889180510665386,0.168292980179513,-0.2286387333134191,0.1924302813975545,-0.028557489575851358,0.2917895211014009,-0.03340721731603935
105,CSCO,1.2918763225662395,0.13933783890277884,0.9850693069440146,-0.05673598231636101,0.8473074913107533,0.4776776961097726,0.8443236477121141,-0.2220494540883231,0.7529369974830407,0.08611974169325998,0.6801751568393823,0.20999113117560664
106,CSQ,0.9088175698916113,0.3733108222674324,1.1609207835591153,0.2609879121482406,0.8562465394636474,0.35684420788481375,1.0952570145870595,-0.24033129615115045,1.0924944390857774,0.2249301500399501,0.9379488759881669,0.2975013912435873
107,CTAS,0.9873563710330219,0.6178154632847379,1.207991473648291,0.3069615399529575,1.2598530993004762,0.2907690991482661,0.9492164190642712,0.0760466585457078,0.9424457597557162,0.3561233300950011,0.7684738061160618,0.2512812389807566
108,CTRN,0.9277067756713623,0.13601790915956413,1.5717347241191226,1.1539700027141127,1.7610696830245955,0.9689757959654186,1.697587645369859,-0.7023715951565651,1.5067681976190896,0.05404400920844887,1.4110185114152112,-0.055496312323683905
109,CVBF,0.9582307889079296,0.08583655360780829,0.9775151014429778,-0.06354893259260519,0.8488353111526674,0.13356116842766586,0.4089469723580667,0.23047423215369878,1.5101285224078056,-0.16884964810552883,1.2935345617001617,0.13135503807360593
110,CVGW,0.7404644822241372,0.29666595343524715,0.5209272406849925,-0.18223921023381284,0.6173904459319285,-0.36521351540482827,0.36402126882110364,-0.3048446759740644,0.8944812997533467,-0.04606680747835379,0.7462216319566455,-0.12272935249227135
111,CVLT,1.0512225979845435,-0.23154595325627658,0.7649423145600205,0.21769911474550097,1.3940238829802158,0.2688644819675903,0.9677210007552173,-0.09072493709144214,0.7469787880830087,0.24941321647263992,1.3472284029099595,0.9642717947721648
112,CVV,0.3846266049846056,-0.13672921926416992,0.7808900582254678,0.14596274050751612,1.3500042506291836,0.09660571616958569,0.8119691106162693,0.32451933437198255,0.8958817422598879,-0.21453901893457838,0.7276794111448005,-0.1494736922414679
113,CWST,0.5333266340117642,0.6543166525399366,0.9638067228932485,0.32832899158359563,0.8796076000725834,0.40423076479355213,0.6920294414866416,-0.051882891669075226,0.6420311053290795,0.08396756791071103,,
114,CYRX,1.5241339177061164,0.7180570220689495,0.7627484003280631,1.7192981788109845,1.7423314387285724,0.2514346869900983,2.1081832166968684,-0.6941114243993197,2.4782921691085997,-0.11079220991521277,1.7037666780926162,-0.49223804105672786
115,CZFS,0.11263713720805327,0.11676831981648172,0.22649590228282945,-0.05468601305433329,0.10234612008711978,0.14887831309539545,0.11854368124490484,0.3116181164617917,0.7483560958866347,-0.1263537292884518,1.6561092405665516,0.04806293233808434
116,DENN,0.31544784121914976,0.21280486904248663,1.6660113336705986,-0.29414708262960687,1.0100884153817975,0.15973738689203532,0.9863653274827853,-0.4275947824235632,1.1692003335244012,0.1428570999246277,1.2140487323613507,-0.43345653536633433
117,DHC,0.580506718181724,-0.2402746926186956,1.9138055081727303,-0.4919113092597456,1.5455583993167588,-0.2388316975529602,1.2806787232378418,-0.7961507391746433,2.2220652180442726,4.85730450338346,1.1099750134599888,-0.3672798058003799
118,DLTR,0.6386942498962975,0.02510966000171,0.7496316476110899,0.14949887454632838,0.8028548816641867,0.32102114313925245,0.7359844872452771,0.0019126179497275242,0.7521093387336805,0.012762074825510172,0.4649684797883302,-0.4754454878289902
119,DRH,0.8460022026826896,0.3106189103504333,1.5201069227375503,-0.24863887599784829,1.5866313407485115,0.19700729973784203,1.2622186789929626,-0.14420591240666558,1.3100656728317994,0.198581206060507,1.0347718530440675,-0.01347446991781831
120,DRS,0.3618352293023424,1.0496187436618878,1.0212743969769653,0.8850573821869352,1.3528555067154218,-0.004264286355331048,0.7029189824079015,0.310769199765043,0.7910858379185581,0.6507413245031641,1.3637671024043971,0.6465518344554659
121,DSGR,0.6386400133688063,0.6400626064040826,1.2821730482429554,0.00703019046885256,0.8193410900205804,0.09034330206649988,0.6483321405854872,-0.30844275538521826,1.1749833471710451,0.72411903522442,1.1941795876404249,0.09734232981386892
122,DSGX,1.0376809041792814,0.6270927398895465,0.7449252201039929,0.32588372663138987,0.85435056823462,0.4290663546539868,0.9684909562960297,-0.1399111059691578,0.8755921426490925,0.20120025044647427,1.0811438458583562,0.4016705008878625
123,DXLG,0.8032629825509321,-0.44999999458139606,0.9188820623205598,-0.7984496138358187,1.0360343310646158,20.25925756678176,1.4407359241255762,0.11386139665604955,,,1.3970908589976083,-0.3695149960333315
124,DXPE,1.5148414204397194,0.35491529561705515,1.5157908235348536,-0.429037961362992,1.5329877539605634,0.1411922767339795,0.7094618048166386,0.06990288299264269,1.1130325517866397,0.24170970968382144,1.4036945055361194,1.4298402841080025
125,DXR,0.14639352200169606,0.06256867947088773,0.5093291760587286,0.36383209131539407,0.5437216625446446,-0.10717163094755422,0.10784148723224067,-0.16727274114435364,0.3371530534731106,0.06666670905219174,-0.14642842664217007,-0.1968420932167455
126,DYAI,1.266019821659399,1.8306009327116994,0.562212076337503,0.020872890685488255,1.5146567963789177,-0.14728677800753032,0.92755919052069,-0.7442827372753128,0.8941721473280371,0.1666666810639239,-0.2068280914715133,0.11949681385064959
127,EBMT,0.1197766945040946,0.32516816025711415,0.5651364056222254,0.035259650122899666,0.40122147258966606,0.13066117729041826,0.09026657454318031,-0.27460835047461074,0.17904051736619933,-0.002883864294534133,0.46310927284388764,-0.0316987678912789
128,ECPG,1.3418093858625442,0.44132019610092565,1.1535623583348356,0.07902059713706633,0.5909254313813729,0.613483761305895,0.41132335402730386,-0.21934540391096857,1.1137911806269414,0.02878569057849467,0.8857906810360836,-0.08241225567481525
129,EDAP,0.05143661910950272,1.3155079746870868,0.8210280008994508,0.18243241719384562,1.1033257542182806,0.03515631039044953,0.09212145830633613,0.860383911331257,0.7511752987603953,-0.4942528331390511,0.534900882433945,-0.589453843644286
130,EEFT,0.9933619046724455,0.5531706310071343,1.2553468401149634,-0.1026788144521561,1.3359370803846145,-0.15293277952551398,1.1928009826670194,-0.22352945385587897,1.190715692341249,0.05564799779577623,0.9898556946371758,0.01968389928440395
131,EGBN,0.899766746615786,-0.0017803658967754377,1.15692179432247,-0.1445620587801505,0.9170294065715714,0.4600679637125791,0.5666664474619489,-0.23358918682380625,1.6209940620421075,-0.2740549105869565,1.3142694507725112,-0.07487404935519537
132,ELTK,-1.0414398107750282,0.5999997938646799,0.7621895288541535,0.3506847504760173,0.9690343572586329,-0.25248509873083336,0.19853223615661833,0.03804723038469948,0.5659602131999605,2.331678088956004,0.4174774453178412,-0.16476842515591172
133,ENSG,0.9083338885596154,0.2502027831842413,1.4126432883157138,0.6269600174557548,1.0144135816922888,0.11390518245218395,0.6683344924464589,0.11249349792384788,0.6105330231114959,0.1901372972365476,0.5182796985201246,0.15975560201151873
134,ERIC,1.0545179750677514,0.02722095065301855,0.9663959439109052,0.3373270821622487,0.6717214685997146,-0.0733490847577899,0.9712744385039482,-0.4515116036699752,0.901899086629849,0.11455931602530378,0.733698111507687,0.3588912383236522
135,ERIE,0.8223608606923772,0.3013418017516656,0.6871580563317169,0.5271113779002103,0.7272048891860806,-0.18676415708980654,0.6112307542777577,0.3176329547206609,0.48836233762957076,0.3974853028525547,0.5430570040698128,0.2438497376270372
136,ERII,1.4936674685281963,0.43231445655069467,1.01468795339855,0.35934292425534586,1.3513564590962959,0.5520000110973011,1.1591994462299602,-0.04697675483171326,1.5211359844896621,-0.08632398710957978,0.8855515196012436,-0.2203389342507196
137,ESCA,1.0047369186866038,-0.11990586049375007,1.1238368696348984,1.4274968000527606,1.0803196851466437,-0.2378655880177597,0.6853400983588949,-0.3501980088341925,0.6851425663302952,0.9387509384423278,1.3939572432173093,-0.2690176646550245
138,EVO,1.215107226143448,0.2593046060974815,0.4729452716835959,0.4278209574118008,0.03098596709544841,0.2922741126397621,1.3581287060368519,-0.6551576952983611,1.4001209995174024,0.4392638148799879,1.0170668470185287,-0.6192982194899916
139,EVRG,0.12450773326690578,0.18676373710114436,1.0767110471187353,-0.1172371827786649,0.29920567304468765,0.3183676049106652,0.5019159853344832,-0.04264123448176238,0.5945506073847138,-0.13276853496365715,0.11982566417684844,0.20516328330490907
140,EWBC,1.5244128278853908,0.13139914892140392,1.2631073422999042,0.05266218930210642,1.3813468741947612,0.5733239379992954,1.2598858970726132,-0.15646575919582095,1.8676412302806593,0.1256508619663641,0.9830427064299176,0.35730105985347516
141,EXC,0.2975907218540999,0.062210883889418644,1.1962678098698332,-0.04189147071281252,0.6883370680785434,0.4406125782487704,0.5660921323530147,0.09599944098201108,0.5358432932613303,-0.13823853015113874,0.01880724385397858,0.07481774820797038
142,EXTR,1.587521533991759,0.1951219171799774,1.6307900138472127,-0.06675752558159842,2.10035422392851,1.2900433302555663,1.3802145226009268,0.1618019796971455,1.1666388678542416,-0.04286494316039069,1.518327112613722,-0.05670972819585052
143,EZPW,1.1946309734351526,-0.1592593059182199,0.7377959146052477,-0.2792109423343978,0.9496777179774349,0.5260960336107483,0.6671437709152461,0.12258944374517089,0.6594026081459514,0.04921967000807581,0.33656067320088456,0.4059632859460016
144,FAD,1.0809914331076542,0.27563153698916754,0.9825781646818335,0.3514819449684481,1.2153316993470398,0.2264011722595154,1.0519871663651492,-0.2332221028194128,1.1020952066332936,0.2072594248974906,1.164789341201681,0.26025158741660737
145,FBNC,0.9311262337500549,0.2427910973513474,1.1627651716551757,-0.1309935794319549,0.9556232402989789,0.40175994209658605,0.7014732810854175,-0.05367478596679143,1.2442040807008634,-0.09380466701929913,1.12960991768069,0.21210755674456538
146,FCBC,0.8265647759740465,-0.008091977176105214,1.22215798554565,-0.2683983735309795,0.8377817390549243,0.6118955136279405,0.5595439091141169,0.03935949068403932,0.7947306067029697,0.14496786050035904,1.2176654141878653,0.15252658656904483
147,FEX,1.0263774384857653,0.26488925031289745,1.0562440668190607,0.13156420497450716,0.9896023793891175,0.28678362141958225,0.895789400261582,-0.11348521211687024,1.01373939716903,0.14992142565436195,0.8368404259643847,0.1746138532668453
148,FIEE,-0.2184278926005883,-0.17333333333333334,0.917693777163633,2.2782608695652176,0.8400653105937361,-0.6781914893617021,0.3150421154392233,-0.8549618320610687,1.047771301430787,-0.5622222158643935,-0.1132956334408732,-0.9052631529414422
149,FITB,1.0790455446312703,0.3064453157152074,1.631613685431399,-0.07264724122552957,1.2437061665057794,0.6467402169239902,1.070567044449376,-0.23895838428753757,1.6418619639768923,0.1098627436031232,0.8373135919290472,0.26345620560262817
150,FKWL,-0.13781433568894502,-0.12500012514268766,0.011642728660233737,8.48535565274197,0.8266667069354474,-0.8480000039657851,0.4254339222280752,-0.03671707922346357,0.06627420097106904,-0.21345705975117646,0.554998695663068,0.4537313006776371
151,FLNT,1.6604189415308606,-0.3530997542467854,1.3192436152371265,1.2862903357606523,2.1269948156521425,-0.6038095383417039,1.1627513617562688,-0.4834123190617653,0.8232345302891537,-0.4224137990095763,0.7446367223580891,-0.3627451094972407
152,FLWS,1.0360301569335726,0.18144499037556283,0.8830209638835979,0.8764124280467538,1.3250528490248932,-0.12753406529684863,1.3679151966499907,-0.6008350682639656,1.8458676271771308,0.12879576101261647,1.390762028714571,-0.2235966061172716
153,FNX,1.1356041397899608,0.2674455870662418,1.116009799252093,0.1609584914923492,1.1342284516632137,0.2673653795448159,1.019094858764233,-0.13844347001806012,1.184822319321213,0.20871225091074685,1.0331336834163756,0.12768541879690676
154,FORM,1.6410547498276076,0.8621180761345268,1.307220628587694,0.6168929233770888,2.1983786401497376,0.06721308853876451,1.4706955629767158,-0.5243902707757555,1.6286532083874874,0.9028284187636118,2.5244877948855677,0.12218092916007639
155,FORTY,0.5310254230740193,0.9440476954359056,0.29970290360054774,0.24821250696566022,0.9296338338852894,0.4760833129614237,0.7699642314425108,-0.40804266018170376,0.03885606146119949,-0.06645975308352492,0.17902713035238446,0.3910620802366729
156,FRAF,0.37557154179956115,0.27814682898192,1.0605553752506587,-0.2476538167848793,-0.032300910367282554,0.2729690801227087,0.08590390866418132,0.1347391712166952,0.13603312149029906,-0.07743372357338085,0.2957578982343598,0.0030911871338452634
157,FSFG,0.40805124385750463,0.32610815184940756,0.6916582338250442,-0.01987259554714149,0.3631759055114242,0.21799168917040257,0.10396165307037644,-0.22669259894910743,0.3098596584785657,-0.1253950806061852,0.273781516622375,0.6614253520495459
158,FTEK,0.9172105980778489,-0.29600000381469727,0.7498634001230069,3.597826024281506,1.8573311780290942,-0.6513994958023468,0.70277742726691,-0.11805560384635383,0.7742020051929384,-0.17322837158606175,0.4042685783154335,0.0
159,FWRD,1.0134817346404144,0.27846719777401363,0.9716339750982276,0.10960226474429091,1.1631564939425403,0.5886959737293505,1.0364821564424975,-0.12252321375960162,1.0801906029039738,-0.392268311828991,0.7959284789666994,-0.4712311012470418
160,GAIA,1.299226456647732,-0.21047619410923546,0.8977160989569436,0.24556962453178666,0.9396200866267349,-0.1162791235877979,0.6951843047513917,-0.7286202975811689,0.546507075596844,0.1392405814596851,1.0426750089307166,0.6323529450435539
161,GBLI,0.9915654789460314,-0.15364966707752403,1.1825466166595509,0.004166592782254952,0.07911786658240351,-0.07988835694484464,0.07488151928862967,-0.041902403556794976,-0.11042846968092601,0.4407592296730367,0.07508040761484469,0.1830318904145689
162,GCBC,0.4011586951472793,-0.10101286325476166,0.7625485646629251,-0.10379898563733847,0.501801159249891,0.4673320851934586,0.5283833380696966,0.5735606004615459,1.2127817091641642,-0.020671469492322347,1.631812614670937,0.047762719172948165
163,GGAL,1.941153923374848,-0.4205684281229273,1.2527916491858357,-0.45267613214409097,1.056318102361066,0.1858634088325799,0.8246789987592267,0.05715726311783875,1.2063476027868134,0.9594973210860485,1.5678807806967219,2.99209171322922
164,GIFI,0.43663804176599935,-0.35263832404687345,0.324398271287948,-0.40000002777692134,0.12401473429657596,0.2406249904539437,0.3559258009590205,0.2793017011551111,0.3600955495989647,-0.13052210700359834,1.0650880024218168,0.5504587206131337
165,GIII,2.1811814398951865,0.158023835675823,1.7978880362108223,-0.29298035951738044,1.202966031157884,0.19043515480896844,1.4950718462298485,-0.5150336046714209,1.3416263598814784,1.4323550863342414,1.0710245030388246,-0.031902197067701143
166,GLDD,0.8194856273630307,0.6420118351542963,0.8277363196372728,0.12006866128006988,0.9967183497798269,0.2152777742006815,0.7757974649771252,-0.6297448710480377,1.074096272891668,0.3333332505491078,1.5572548198929674,0.48556428672356433
167,GLRE,0.9368732632038452,0.037344361395858616,0.7678933232871703,-0.2613065280877219,0.6825436226101702,0.04819279031133261,0.5582596166283925,0.06258142600544248,0.39396569668515524,0.40122706881222725,0.8895325264539625,0.23703037085817047
168,GMAB,0.531314068759265,0.4157591843390178,0.7964443958811401,0.827802677849147,0.8901367116054394,-0.0220804158057627,0.8559107838929728,0.06804437354269055,0.659690232489555,-0.26005110258317865,0.6082349898071725,-0.35316100707055487
169,GNSS,0.6717361876551033,0.2490119057569984,0.5153463008873321,1.0220819221260258,1.206038495814716,-0.38364779968521245,0.45594597525217295,-0.07035175126832094,0.8993674448991681,-0.44836958299878604,0.7517191704438546,0.31979688673750073
170,GNTX,0.8099423699660437,0.4678619590607429,0.962458779022315,0.1773297299575407,0.9595303034813362,0.048124747775237564,0.9549304023176641,-0.21525690844080625,0.9564284730008027,0.19909688279346272,0.6652316997622346,-0.10179568466825695
171,GREE,0.36464329155012026,-0.12631894782061381,0.31506860439359924,0.9090907785715199,2.9154121442732297,0.5973972235455041,2.1934823025562573,-0.9832272978731065,2.440836835993923,1.3964286258634266,2.322267646099013,-0.7551319772653557
172,HAIN,0.8297431257869996,0.5739828463263723,0.4231992189537594,0.5825396770132254,0.2561092689195919,0.06886981796849478,0.9876380465023238,-0.6207219793003044,1.2144462700848628,-0.32114070806035167,0.2791218613207861,-0.45936395313179246
173,HALO,1.325105823652464,0.2047297090487905,0.7139627158559791,1.3530386328715407,1.4599599002664172,-0.049280833768157284,0.8464964487673844,0.38577690264987674,0.7816226548825481,-0.3295846477708724,0.8845170360577684,0.28349832740978886
174,HAS,1.2844411100553832,0.3497263576820979,1.0544857121910587,-0.07728105436998067,0.6574657587089088,0.12973175609405296,0.8829207610728846,-0.38165652924229565,1.2571714095403064,-0.1328454826306542,0.5703205718011716,0.17008652526940882
175,HBAN,1.1030785871279416,0.29011950354294624,1.271217579892817,-0.11024807740182252,1.1932950730843677,0.2784447066096045,0.9363473932636213,-0.06669883239702046,1.4962926005962514,-0.04720365718534225,0.9659740627239838,0.32745962979770504
176,HBIO,1.4672932261802984,-0.07187500488944343,0.7302775919197219,0.40000001563400533,1.5839760324886376,0.6990522352533863,0.9691711942389968,-0.6120448133439609,0.15504997138674342,0.9962685714056954,1.7208123570944838,-0.6252319052015858
177,HBNC,0.8655622625859518,0.21741429570169402,1.3725628969181056,-0.14543237909173234,1.0422109800265962,0.3886893880624416,0.6980577229624041,-0.259018807257397,1.6054960755345504,-0.0010338617875472744,1.1131187079212994,0.16767363432087312
178,HCSG,0.9541973751359716,-0.37304030337237115,1.0060250538200843,0.1900186263071657,0.901220417356431,-0.366010088514491,0.7820587075874449,-0.2877721688193837,1.0779218498464207,-0.17040000915527342,1.1435004369078479,0.08270677500430446
179,HERZ,0.8704293519399324,0.43362290500780754,1.1075367830353533,-0.07084846615694562,0.7414449752111085,0.22988823715709383,0.6072546212401178,-0.2124914768759928,0.7691441090655146,-0.13106941832100572,0.6569846952043761,0.06615141059552809
180,HFBL,-0.14606682255136041,0.26315861093617277,0.13903651242092235,-0.16704258952913376,-0.4681617915262648,0.38740848576914155,0.002071477181186079,-0.11469003588898885,0.23825419399744946,-0.13482112948973013,0.0677122225313809,-0.11383736454387117
181,HGBL,0.09818752284602235,1.0,0.8370472980970751,2.126315858819809,0.43244079831589266,-0.37630660863098553,0.4526421863258789,0.320224686744101,0.2588471898285576,0.1535269180007306,0.2253116980114166,-0.36363636363636365
182,HIMX,1.243493905250166,-0.28366766421601264,0.9366183743031158,1.9142861535641043,1.961028164393014,1.1651026238920572,1.395502767999317,-0.44551246386136933,1.4092795379379062,0.02579998461881372,1.1591773982932296,0.32701106140751146
183,HNNA,0.4672565028099205,0.026763271507861397,0.40570604780875524,-0.10276151443334947,0.6759729361825555,0.38693692970328497,0.1903952394376202,-0.19212966629541617,0.21152705687933573,-0.126150881635128,0.24379127828661762,0.8707532144784451
184,HNRG,0.9893840658377265,-0.4315058327031337,0.9443138119349935,-0.4585424856818612,1.4282964370719573,0.6066667238871257,0.7674747979351146,2.769811098717344,0.9473534878535494,-0.028571452525570473,1.5031403720242826,0.22324826965869327
185,HROW,0.8337147708243501,0.42407405952040245,1.1052956136670167,-0.15068497982586948,0.7417287134595056,0.18503403417151354,0.6352075503996398,0.7043880472229576,0.5662511286064913,-0.24221921436979454,2.1713588417019936,1.7941422529362994
186,HST,0.8857606451976822,0.19150766297038424,1.1938565334366469,-0.1846659024151499,1.2075396691897509,0.240282730459481,1.111199044003706,-0.06074264912784677,1.1975982677814487,0.28566788167167356,1.054226289435004,-0.0679556940128131
187,HTBK,0.9957810555354152,0.13207840824480144,1.263510436731537,-0.25883260856097845,1.1312145944659213,0.4071032506855725,0.6099815135937254,0.14063787016743712,1.5407853409551096,-0.18753677328070162,0.844041083381899,0.007205517752196355
188,HTLD,0.8829518114718685,0.13606469151691147,0.7055287132031117,-0.13406273744937136,0.5650302817711216,-0.026156131126357174,0.6642311844270637,-0.0791409538384783,0.879807760567415,-0.08041575765785514,0.6637210660223395,-0.19765340474368787
189,HURC,0.8243351928941958,0.08186353205466301,1.0701244111941421,-0.18555399770902892,0.8597909413906845,0.04814365663504194,0.301268939715494,-0.13054989159654296,0.5159849317682823,-0.16018004360001992,0.7261300150358189,-0.1150911432435614
190,HURN,0.764715477807578,0.35207918374845293,1.0178568284521043,-0.1393514613366552,1.0958181853521773,-0.11953661975377028,0.4406784365463071,0.43733915831809833,0.5881571817186119,0.4157829801354147,0.7876074975432602,0.2260260052758436
191,IBIO,-0.23715205538399559,-0.6794871794871795,-0.44235930356025355,2.6333333333333333,1.447951742474949,-0.5245901639344263,1.1369339506874958,-0.9711475403582464,0.5603553403386375,-0.8962121193511865,2.080957419761803,0.7246377700468345
192,IBKR,1.11513292694153,-0.11712840541305358,0.9405321930576774,0.267736080836825,1.1513444789801586,0.3153677241919439,0.908115003957517,-0.07019407094957031,0.7327136333786359,0.16702333965636207,0.8714200288329349,1.1295773593757343
193,ICCC,0.5744698373213243,-0.3039772554092909,0.043341690385761744,0.16310673013508015,0.3309600860253996,0.37868852113017915,0.1593126650689725,-0.25518922867306404,0.24126263990271155,-0.21450615160404563,0.10815317432220715,-0.035999965667724565
194,ICLN,0.775928334397949,0.42835972732427874,1.0268615327967188,1.386018126011269,1.4029541526867269,-0.2520690240725155,0.9857380553930354,-0.061834173478593435,1.265506752011502,-0.19510429612161806,0.6612581948645146,-0.24516815015775284
195,ICUI,0.4411555953414826,-0.17935432637118276,0.6045202698621185,0.15213881174458233,0.6074403024364657,0.12817131117367042,0.9040706162410208,-0.333840948420257,1.2561924310372963,-0.3758838659189627,1.4032944470029858,0.51801529994756
196,IDN,0.5707813469195641,2.307339365760665,1.4724024370171118,0.48815796862348715,1.6640165524086254,-0.5728987920888543,0.9676753177162987,-0.6350364976206435,1.1947492735830976,-0.09090906498275453,0.8496451858132159,0.5617977618388557
197,IEUS,0.750203115494132,0.28972867994346063,0.802688470540524,0.12657776388799324,0.8239791063326838,0.13711928893237402,0.9365043099751097,-0.2761207293171607,0.9566759853912001,0.1586259140900914,0.686495929477477,0.0070492028259414585
198,IFGL,0.43179773020069434,0.2102665618035615,0.651931045752936,-0.0739778150520809,0.5263195688724956,0.09225071500461968,0.6048165414705099,-0.24154737887377464,0.7999510604227907,0.04359038885317523,0.5527823771139828,-0.05756298424826711
199,IGIB,-0.04730322065997811,0.14485083811116195,0.12020607164685793,0.09377464154002868,0.05528808944092495,-0.014686641588108285,0.18553667571942434,-0.13479064256584217,0.15514737367457554,0.08676766253037216,0.11168810233319183,0.04236331190108711
200,IMMR,0.8425119955565785,-0.16071440679770654,0.9150536968696422,0.5373712151768386,1.688899301244606,-0.4558139751632547,0.9594584213310013,0.19761494802048407,1.0508882587284891,-0.039462686802535396,1.2245796379626606,0.2723650625661458
201,INCY,0.8666016691523499,0.38530524149355827,0.6552502242746409,0.010352441281972657,0.8449673322912402,-0.14274143173514064,0.5638908183991087,0.08584559104135603,0.46345842029722567,-0.2106851224798303,0.45439872865413533,0.045378172027292774
202,INDY,0.47358078198649106,0.1065461925720077,0.827738899241955,0.09002001012332483,0.8229598878800716,0.18844810291449976,0.5907748225084815,-0.08872070889975303,0.4307095847877897,0.16354465054884515,0.4215409045743739,0.03718400769787844
203,INO,1.7564315434283748,-0.19431280156372455,-0.38141983947226865,1.8037382844379666,0.4351488159733979,-0.4665981702652652,2.144609138166787,-0.7000000183398902,1.844668825846584,-0.6644736862743991,1.6024038989216303,-0.7351190436065467
204,INOD,0.2464484804643445,-0.24025974930750238,0.2684870656903064,3.4508194270488994,2.041679848900965,0.10018907630061613,1.0640105074561064,-0.49230767914059104,3.1201258313130977,1.6601308808943345,2.8676072721882218,4.403080918960086
205,INTZ,0.23597130331650473,0.43157898752312907,0.47153378442832916,2.18545448996804,1.156865601888683,-0.7907656460549655,0.638201895824289,-0.17060363131159706,1.6804178854100167,-0.9216300931067164,-3.196035947249891,0.13599996566772465
206,IPM,0.5046429352843442,-0.7581395544833004,0.3332791635094728,0.4705882627933775,0.7745152621867015,0.8742138091288372,0.39739295023056886,-0.5769230445931401,0.3411921262357275,0.6714285385851952,0.6188500554295178,-0.15744676620186204
207,ISBA,0.043753088463801784,0.1174156680897811,0.22947955064034098,-0.14413622978808238,0.16530412654085413,0.3576591190043521,0.08822322213700792,-0.044057207628638295,0.398996202768079,0.007601044443395155,0.28050920396747475,0.27623975265627365
208,ITIC,0.6313590888164625,-0.050923194274588246,1.2495481158484585,0.07386723872348666,0.48034919010990146,0.44742812035717927,0.8019207959313734,-0.24749843807332628,1.1075681224399407,0.14713769411026578,1.0279366054678967,0.5554350293835717
209,JBHT,1.0712635697443207,0.2628187191796594,0.8507055495746544,0.16327195266910088,0.9829677981856039,0.5216250295344422,0.9208424762487284,-0.1283043961162491,0.983779819887113,0.167660184022963,0.9624743604017697,-0.12046393535190891
210,JBLU,0.8582151960410533,0.15493816069905963,1.239413624992852,-0.21334038449887927,1.041578899092978,0.01496792887696663,1.46632825767525,-0.559183666452209,1.7034094395711454,-0.14615381681002104,0.7757193231450689,0.5199241476038119
211,JKHY,0.8319590145062481,0.1839721992073995,0.7525757009517321,0.09959547273067049,0.6590643122460682,0.06970181739904269,0.625270641120984,0.03442460457579832,0.9547597733847328,-0.059492905324303846,0.3905113597978628,0.07691474282944344
212,KALU,1.2249181048686386,0.28317124351531775,1.3124269334649024,-0.08309810026558428,1.6251331534877538,0.005532465358524252,1.1446165310972105,-0.19025517274507076,1.9025076044895148,-0.017649742333749274,1.6084177076684836,0.036468112194509184
213,KDP,0.6718970679455141,0.16746344217072462,0.6024092150657647,0.12626919994872954,0.4945290308698423,0.18438327610183936,0.4716230676367145,-0.008220076523429931,0.31738691395334573,-0.03940013789960306,0.10839749265538161,-0.01691884058412718
214,KELYA,0.9261957357507814,0.09325704643911092,1.2116181377088704,-0.07794439711318757,1.0648827682392503,-0.14210289919452435,0.9905595345881807,-0.03747136481569935,0.8560443010124691,0.29717441850620596,0.6621533023267466,-0.37073287658812903
215,KG,-0.05815782536584188,-0.5555555710473408,0.7255653288016628,1.8452381790360124,1.109275841166628,0.21285145484359713,0.8150856605631733,-0.3081967088042713,1.1555283505461553,0.1009615605046772,1.978210367058576,-0.46753246806863125
216,KINS,0.3226955994811475,-0.5613689772663474,0.7656565821452083,-0.14059438475404407,0.13779402807480706,-0.21008583488595223,-0.0012079540623811235,-0.741649868571705,0.75222987195968,0.5000001271631405,0.7704079281080106,6.7462687398488335
217,KMB,0.45318366073806393,0.2636122766676323,0.5768312452634551,0.009416588168471351,0.05226259941987648,0.09754005987090464,0.3459696552289229,-0.01240934698995455,0.30123578498064696,-0.08000053602743218,0.09518866711558475,0.10653932722605464
218,KOSS,0.34258424494140094,-0.23979592829731677,0.3744847664102277,1.4503311728820494,-7.97498722246733,2.510971664064491,1.504216097797635,-0.5819256971729678,0.6674327592608336,-0.32186237533821416,1.929644624351289,1.2383720003443206
219,KRMD,-0.2340326225640403,3.2814570817344686,0.8858622665604322,-0.08042491616638558,1.1576469033132009,-0.4860626889695765,0.7715244851371578,0.1297467836315993,0.8160350293018734,-0.30845071642769173,0.9366948745719688,0.6344537469982301
220,KRNY,0.6981069834232961,0.10167070715541837,0.8627640684737125,-0.19605437258889602,0.7444427432498607,0.3113845030666178,0.556011109544949,-0.21014700423214272,1.2091445890226071,-0.06749921793489877,1.2418016798124651,-0.15797131263898956
221,KTCC,0.4009614617919672,-0.0506108134184472,0.532242309093653,0.24475527040544254,0.5899543145013717,-0.09130436314977619,0.17385753520835714,-0.32025117715900564,0.9401187647234863,-0.011441582427251795,0.25774799906028206,-0.011574117765748682
222,LBTYA,0.917316877637945,0.05898876161064237,0.8200228745871838,0.08896794779422357,0.7375055219007038,0.15096664770913204,0.9553287635028187,-0.321262120553944,0.9356424103943459,-0.10343083360697969,0.6655279835141357,0.3534073917194316
223,LDWY,0.8906118283808874,-0.5008758034877023,0.19150318152658108,0.26323145815176185,1.6643698981528592,2.2489740336399158,0.8364756071081885,-0.6031504155655153,0.4115188917072667,-0.4531435389528996,-0.002149301404617627,0.1286682152931693
224,LFMD,0.9679217724023007,-0.13333336512247718,0.8159271698570469,9.769231164243815,2.61232740818575,-0.3711179883928656,1.2927936416794696,-0.529126186624347,1.4242929961793518,3.3862433992585936,1.8136625003101299,-0.3926453499158775
225,LFUS,1.49421917056251,0.14032711308076462,1.137637727476571,0.32216238231835814,1.4916910769803278,0.25367307409930206,1.1310380656725203,-0.2966472399582887,1.2938210746035217,0.21182089515855473,1.41100212638298,-0.09531981965452951
226,LFVN,0.9638906175176573,0.20400326474742214,0.9080220842224546,-0.39299604988352943,0.807157011525548,-0.32979849022226315,0.5735635971488122,-0.4302573605143116,1.0155274948204904,0.7280288586864851,0.6946020251443077,2.051822222014259
227,LINK,0.5488719797233392,1.261905420293052,0.1973251111163897,0.8075946564973615,0.7254885433752447,0.083700276043007,0.197850771707711,-0.14375658942393588,0.5108173372218359,0.6103408130780872,0.3635010309585765,-0.20759284429945202
228,LIXT,0.514360729744456,-0.27659577777955136,-0.10374637947848805,-0.39411765453862213,0.7594698583699867,-0.6417445312568704,0.36560270895881114,-0.607692315028264,2.4977554594736704,-0.5392156963575718,0.5769189712212126,-0.12663754003662275
229,LKQ,1.0517986979866294,0.5063288812947593,1.3424796533329315,-0.012011235681657295,1.1651713398185415,0.7165605610035559,1.0462904778928805,-0.0704218296187028,0.9167305983289823,-0.09324341525744217,0.6476739377153973,-0.21215137073923318
230,LOAN,0.23165339803170992,0.17509346557416783,0.9115726394998033,-0.07893295373451803,0.049580509377754545,0.2252812048124333,0.36696680103222756,0.037824244423549036,0.24549032643889646,-0.0008789708637477744,-0.07820242091149489,0.2782923983500294
231,LTRX,0.6332182607295208,0.2108843107116276,0.9279866565438931,0.18279571546434803,1.2900832084700427,0.7726218023006564,1.6063694682797396,-0.4738124054093894,0.9812795651210212,0.35962881933016,0.9154924735923402,-0.30256410423611546
232,LULU,1.04967337554122,0.8713417485731301,1.034186374670784,0.5027846865349062,1.1341202622122892,0.11865883633321528,1.473025951862517,-0.17334088424754046,1.2170913218093353,0.5810810836316389,1.1225752752518612,-0.2400768054089868
233,LWLG,0.1918028318125446,0.0,0.6783748655088135,0.3428571623198844,0.4407793506560265,14.030611485255271,2.3163738376946545,-0.7350952783333877,2.6994014129261537,0.09933770163868827,2.388657709856011,-0.545652183152327
234,MANH,1.2174751978495406,0.8833847279191274,1.268777307297187,0.30255324665819194,1.4142767187569618,0.5187839123192857,1.4047447925508785,-0.2046124769563601,1.1836293597972667,0.7795041927621384,1.034875532591035,0.31131212964118427
235,MASI,1.257848963879761,0.5030327061135009,0.5347894432422492,0.6869717866359837,0.8561333160103821,0.11782631744640293,1.305828491788186,-0.48064029387377316,0.7485685974797267,-0.19735670708579178,0.6460403893650855,0.4709885301463266
236,MCHX,0.7948046325590047,0.3333333615151992,1.1020231285050068,-0.49071618917812376,1.25098629788982,0.2722772066879009,1.091274197667624,-0.3749999767169351,1.0951391831097121,-0.209302330416818,0.6463130096735182,0.38167940598463423
237,MCRI,1.0978932869556872,0.2475377593543977,1.620046934015201,0.21926994021911494,1.3635649482572787,0.2702376669462887,1.0196681001471593,0.049406331527174885,0.928414596568767,-0.014023012634556742,0.7039671727822664,0.16000619615899914
238,MDLZ,0.5788099165063452,0.4071203369803613,0.83632044070911,0.09197387857174966,0.4994458127709468,0.15987258891491285,0.5322951754302788,0.03451139229327427,0.48641862194852187,0.11844238367740689,0.1794402341299479,-0.1780483388342784
239,MELI,1.6767330666470261,0.9591622980889674,1.006637811221991,1.8072238721589606,1.8605664579402674,-0.17289026772103655,2.364727262722327,-0.3651326935693795,1.5052523832462705,0.9023375421297075,0.9775000905835876,0.12597766770158803
240,MEOH,1.7599203988141776,-0.20817598740563859,1.4495435418955742,0.27607538235170925,1.3625027367554368,-0.12028532208470999,0.9500919132712914,-0.03522432488155236,1.133110815824724,0.29729541967896633,1.040784770624415,0.06370820537303801
241,MGIC,0.5431702692145252,0.282503005464396,0.8385600117707738,0.6044903069521845,1.0708817899600926,0.45244026023640416,0.8192966498014351,-0.23902734588832597,0.7225632920202668,-0.3707902892718816,0.5766521362290787,0.23984357841924298
242,MGYR,-0.013081117263174142,0.021224523790188243,0.15580376592875997,-0.22580664686785834,-0.11224685287880433,0.49703147520917357,0.13736793710570816,0.05242525311564927,0.29467872772674736,-0.10699169419872934,0.025794875622462507,0.32479253186043144
243,MKTX,0.5559073222427152,0.8025698842284219,0.8112362051639497,0.4863321285112725,0.7575398655336155,-0.26259008531464556,0.9118553152995601,-0.29010856101294413,1.0264808452517047,0.03877715469749554,0.5297995646327135,-0.20343952402296117
244,MLKN,1.1632844319291287,0.3913407407724201,0.9780761921233565,-0.18172772100277035,1.5206798570189777,0.19849097288481987,1.2867346790569423,-0.4576116675867513,1.303737161918239,0.30474876457505995,1.1164231376034253,-0.13508870518033567
245,MNKD,1.0846573138285553,0.11016949238156637,0.9823353468877977,1.5846153987229932,1.3596770729722003,0.3602484706595954,1.399540176033894,0.18426970939506404,1.2672476923943623,-0.3013435550378989,1.0534303950394517,0.6632652688850622
246,MNRO,0.7942734814897782,0.1582157047007171,0.9961282834217225,-0.3331600887015639,0.9825511518017479,0.11233528316640351,0.8146680184285119,-0.2084850611862279,0.8331593440790711,-0.3367359897697152,1.246426780197713,-0.1291817899461325
247,MNSB,0.29890982677818084,0.34017589657721437,1.031110616852959,-0.2645020417625136,0.4205927710474018,0.4408281371745697,0.17475911744552736,0.1442782289424951,1.05996997858142,-0.07316669585476798,1.272476904813941,-0.26793800013431623
248,MNST,0.9424025943941745,0.2994258160663381,0.8842258798863789,0.43579274708084337,0.896462068587087,0.052869768169980125,0.8185895865582598,0.05168839668994596,0.7453650838871142,0.13718911930266198,0.21757461687514779,-0.10343064272928404
249,MPB,1.061532382904942,0.2054722262313562,1.5327213665147548,-0.1819011353064407,0.5794485078680583,0.5008056927836408,0.5341161904010936,-0.036536789322362484,1.1085822335628146,-0.17092962926165056,0.9473984826538857,0.22883532618745672
250,MRVL,1.6747199617968043,0.6170889288502481,1.0826615323877251,0.7470835783323415,1.8176515134426618,0.894183757504122,2.165835974482038,-0.5840665588598835,2.433054897389519,0.684569565712102,2.6434731417800874,0.9263862750815941
251,MSEX,0.5110766565885696,0.2460850126872336,0.9418732108309404,0.17389458045745765,0.5458187433564664,0.6995098036889189,0.5584501222445409,-0.3310247628886801,0.7889672348988542,-0.16676834441605448,0.5603251168061554,-0.15869298929403697
252,MU,2.135303202233732,0.6247331394830364,1.2893270605120228,0.298429266894751,1.7183506140087716,0.2696990496304119,1.4755015571271888,-0.47397967695853016,1.350182412088211,0.7059996391832264,2.19402817780128,0.04049579809730841
253,NAII,0.20905703330352357,-0.21747970631483582,0.3554464346919804,0.33585856335708764,0.8823249943587193,0.1801886583656218,0.4061144024935768,-0.33570860908150135,0.7031201579638028,-0.20365849247580026,0.09902401082754893,-0.3399694020980688
254,NBN,0.4745102623254097,0.2643281989814352,1.2280944052058855,0.023107839639116445,0.5291456418254114,0.5831519462906862,0.4064618751676952,0.16576674506184474,0.9271311247213291,0.3158499616712134,1.1619155799596868,0.6656277701377036
255,NCMI,0.8445711744506661,0.18248315551789385,1.339329551332014,-0.44518402597190576,0.4454353494661332,-0.1957756509068478,1.4935081842336546,-0.9250755083446559,1.449455822062063,0.6559999420751121,1.0416691896131087,0.6338382928969728
256,NDSN,1.3248236958471744,0.41013654207682215,1.2244169336485675,0.2136021807212336,0.9279971229909587,0.30687507374499257,0.9102732167725901,-0.04337852754884097,1.0976212091859496,0.12240529647064613,0.921021517371883,-0.18604401975687201
257,NECB,0.12279133842825149,0.07078675770004317,0.621797030477998,0.16287057552771733,0.20480834020020822,0.10685811616141194,0.17534432504552036,0.3816675624246473,0.5958145399558661,0.20164267835668936,0.7923802039463543,0.41340414895233724
258,NICE,0.6632154170788319,0.45680866527864294,0.6443661699341002,0.7829404001031233,0.9287103228367277,0.09998926308303191,1.2525209814119727,-0.3488860112541191,1.2416546860702005,0.04428155624151553,1.297479704824898,-0.11537658678230711
259,NNBR,1.7393225303403614,0.38170788199784633,1.3778397333392831,-0.2920738377935642,1.6104771987217346,-0.32119206448227877,0.9227106695068654,-0.6437054664112964,1.275270820809113,1.597402661742239,1.4874652436834912,-0.15441173720662238
260,NOTV,0.7038975652493629,2.6492535408049385,0.4618967689278657,1.1326924152628246,0.6110585593873584,2.419627682955403,2.0660043138053883,-0.8777530295502631,2.5605027057539838,-0.2732673390731306,2.577236401493285,0.08483282169361406
261,NRIM,0.9237474915493644,0.17011494821117146,1.4106560127569023,-0.07407583479242219,0.8727601126747,0.35056002203179615,0.43560977065636386,0.2956106787729307,0.760798408401892,0.10472526465414767,1.276506244257497,0.43778223790462434
262,NSIT,1.2758621357109203,0.7449927903710105,1.0764228883758489,0.05821295374643509,1.1062130792330656,0.4052869637482137,0.6808449762170051,-0.0693335935475744,0.6072515691589633,0.7337574142114871,1.3373606823417805,-0.15021218133950676
263,NTRS,1.2713163724486372,0.2996888764044945,1.1962593860749569,-0.11595381703243635,1.1063728262732477,0.3234231729435306,1.024779540586362,-0.24505104085817309,1.4581904208315415,-0.0244553040121257,0.7824061718044979,0.2519471341635475
264,NVEC,0.7947488323173147,-0.1380264908933907,1.1795409829808015,-0.13725383164466964,0.9689714876177453,0.230625801115089,0.7654543459155706,0.0071137162914405305,0.7743422997263927,0.26098533001202595,1.320320691967871,0.1276280950992823
265,NWBI,0.5894836876048678,0.0176472440301938,0.9158628895063926,-0.181771824576632,0.6567908908257715,0.1843515364023527,0.49611527376205544,0.03943064600327162,1.2416594548438025,-0.04101371294879663,0.8703400504915277,0.11593579269224907
266,NWE,0.3521509383994761,0.27561740917152355,1.1437949032804122,-0.15192299043665325,0.4766252217873748,0.04645861691190056,0.3698249273942337,0.09121866421400826,0.6557478251288136,-0.1079610357216737,0.4241484702656935,0.10109021198926871
267,NXST,1.1867422624764443,0.4917977027105618,1.624216010759227,-0.027977029305515266,1.1396814163515911,0.43693593602785574,0.8614580565926643,0.16495939611508792,1.3235073263565615,-0.07105373595077635,0.7782676390076245,0.021949621979253875
268,OCC,0.9021741552043917,-0.1380208289677587,0.3205771520434474,-0.1458966640240129,0.9266689779272871,1.0222222006370014,0.40680966466992885,-0.1400777838315277,0.17915165854487136,-0.3540669477116093,0.5593379564427947,0.42279406060757996
269,OCFC,0.8219636859675772,0.1517918858954468,1.01881613347897,-0.22854978343284604,1.0125813647429116,0.2353799704575832,0.568384796627149,-0.02349857733700711,1.762395941940954,-0.15384238402347084,1.261564429818426,0.06676960110510444
270,OCSL,0.4729457818036752,0.35225022512704873,0.8746006535017611,0.10393297945057989,0.6097496855002466,0.44217756123296015,0.5056271649351307,0.02771762390074528,0.7789515044395903,0.09500753228926717,0.4472393232612825,-0.15453750196805383
271,ODFL,1.1939350470933974,0.5333710463003245,0.8508361554041599,0.5177584168332254,1.0978482740078515,0.8737482686806095,1.2574231387366164,-0.17722909811282428,1.3186255515236138,0.4409555633201241,1.1033650709912717,-0.10391274416295126
272,OFLX,0.863593667915041,1.0843720553316518,1.2497567143802573,0.3565411382735968,0.9384369870468265,-0.14088151938936966,0.8161635920889554,-0.260852813086461,0.9419892925827017,-0.22599999713000163,0.9330831186234289,-0.3906434283026359
273,OMCC,0.16688471020102588,-0.2077431329146412,0.4873309271117612,-0.016548503864241004,0.10498589992589355,0.34316049035056984,0.4433913082152352,-0.452173896457838,1.1473187825441256,0.14427858296653917,0.04394433081084828,-0.14142853873116634
274,OMEX,0.11279664880482496,-0.11845731493136036,0.3671821210821042,1.0909091500211363,0.156891120440875,-0.25,0.3511146925384127,-0.2747663208215717,0.09975834272451296,0.280991721424122,-0.35590532514184164,-0.8593073609828707
275,ORKA,-0.13030175593770382,-0.048821504093667145,0.4308310061317428,-0.28169016869261243,0.8314195487570681,-0.4687499733591586,0.40607034405870573,0.03043478121202403,0.10840503004742326,-0.2975207363479603,1.3374037904761549,0.7477521693729294
276,ORMP,0.30722621758721336,0.4761905486807032,0.4806536753409647,-0.11538470697830072,1.5683007895223073,2.1540230003993157,1.877379720832995,-0.1339093063452652,0.4923602194150595,-0.8137096763548574,0.8783814802508613,-0.04897964850337733
277,OSBC,0.9811722558541296,0.020367266150017382,1.1720706280847921,-0.23993030456951958,0.7649087047481355,0.269857246840401,0.6546627039091094,0.28108855754792605,1.2659758284726137,-0.029722218238163567,0.8441478634289048,0.17530830257382624
278,OVBC,1.3540382663085462,0.07820253275548383,1.4396348047600749,-0.38567036139068966,0.49793216886700686,0.2951036919544787,0.13476820147591553,-0.07081356902610769,-0.10888609407433932,-0.10897158786295458,0.14500782310494945,0.1422196920690244
279,OVLY,0.8872522257112412,0.050928766148061966,1.07753467246098,-0.0919339382317631,0.6097634913990694,0.0768855049339503,0.16317270590973626,0.33516096111367477,0.6950377139851857,0.3339704294669148,1.1685666065085003,0.023258769448619487
280,OXSQ,0.38564583032405386,-0.02789660672853833,1.1174162127815621,-0.34088019788889135,0.5304940479838869,0.42496262395599405,0.5123421777122217,-0.1740897334888024,0.7750456634751757,0.08844612816449371,0.3282773188044769,-0.03735317532525262
281,PAA,0.7491148152026272,-0.047992923045124924,1.4632268263871762,-0.5079058817143863,1.257175908045556,0.21919656776521257,0.6372411724723391,0.2929968186511942,0.717418669843833,0.41736066230930113,0.5915871364299498,0.18448661179340542
282,PAYX,0.933558628547987,0.3442253333641414,1.1973927123250985,0.11924898646470217,0.8881545205359467,0.547936491906567,0.983879426927677,-0.1187337784720709,0.9378130456670116,0.05982471601822681,0.58618350338141,0.22354989665787595
283,PCAR,1.1957932164729002,0.43006436793574054,0.8455256647587182,0.10636106312183502,0.8882829556418201,0.06546729628690406,0.7332920933394937,0.16705969381021024,0.9214474288982064,0.5586352527302036,0.9305710121713049,0.11366396071133744
284,PCYO,0.8870011260669926,0.29285712547969567,0.890887916174881,-0.13428118718442494,0.8158088324694975,0.31928255976801156,0.7675357585590449,-0.2792297407337324,0.7348895490764508,0.019474177249324764,1.1468513618848346,0.24660193347742143
285,PDFS,1.1247272426184205,0.9606025320881566,1.074973638052474,0.2724603172380966,1.2992036170319121,0.4932399832188894,1.340224685634663,-0.11180317920736982,1.2062682256435255,0.15279771725662772,2.1942210845337655,-0.11261696666325083
286,PEBK,1.0915878244077055,0.2825689097303634,1.3271338923349625,-0.25352219761282824,0.40327500114563436,0.3074410460622048,0.11319714470777079,0.2180445474671313,0.6004880902889372,-0.00744291855013246,0.6470832294969926,0.0638916240924432
287,PENN,1.4170819854788126,0.3110539331488549,1.8201179402660246,2.331675530657383,1.9758391874071948,-0.36580541940731615,1.6862064109417298,-0.4135070868699384,1.817678565488648,-0.11103518787742139,1.5298354815756878,-0.2782273991688812
288,PEP,0.5354631448074955,0.2890655291745057,0.8853747425915873,0.11620398995473047,0.5053928586442605,0.231821198954405,0.4903120976436386,0.07234093488118898,0.3752746901186745,-0.02616551765843078,0.027663651566949263,-0.09445047183325705
289,PERI,1.2167086702053167,1.2730626423253324,1.055606977401774,0.950769277719351,2.2058053514046,0.9566994453261777,1.4426311282199422,0.05460606412841673,1.442506155137625,0.2298804928315228,1.2181945384929422,-0.720408850525307
290,PETS,0.898565065276225,0.0525470846872409,0.7213201400702407,0.4434923647841875,-0.13712575324449752,-0.17809054771196198,0.7110129523447128,-0.28627267287718816,1.0591818286869648,-0.5511491645687507,1.061380377193286,-0.34036938650055115
291,PEY,0.74470897902531,0.2432958785378725,1.0427447137297097,-0.041568213115595665,0.6864320758791208,0.2706790421601184,0.5841901812649414,0.015785165069023055,0.8918778846612745,0.06670608152705149,0.5492666464220123,0.03578934628550723
292,PFIS,0.765319426563084,0.16040259789821576,1.402292327995659,-0.24045020974542597,0.7011051609945228,0.4771700827912111,0.6047071399619954,0.02343794811908051,1.0123463486498803,-0.005601599131555668,1.1107562856139706,0.09977274267443192
293,PGJ,1.5560031904813072,0.32476486843292096,0.6164573316583579,0.4612341411819436,1.1530945298008815,-0.4175615726282349,1.3427610960547003,-0.24418331175868502,1.3326685642560292,-0.06053931320868566,0.7166071897656805,0.09194886866179974
294,PHO,0.9047450371138444,0.38458994002986713,0.9915178635492459,0.19638329310349367,0.9449697362318152,0.3267313036066941,0.9559576118901573,-0.13392820601050803,0.9678985141737896,0.18875521926913752,0.8515268017181636,0.09600633814299164
295,PIE,0.8369343518478327,0.251477691323442,0.7999449043877541,0.18392785078752705,1.0136599298702689,0.12815773544788067,0.6673444667951877,-0.28758663910244153,0.7035419537107425,0.12556607568215217,0.7548246209968122,0.021180414251057433
296,PLAB,1.4046803480402124,0.6288344315052656,1.1166603686342407,-0.2894737003188015,1.590275918587411,0.7429353121075168,1.557550550200581,-0.1270747238425397,1.817860767802139,0.8717184016008983,2.2971459779719674,-0.23784834761557938
297,PLCE,1.3161912327547927,-0.2884065049410597,1.4239200866146315,-0.19639988718992551,1.5922056963451887,0.6597876100593585,1.4840150574722986,-0.542806973453999,1.8493339462143426,-0.3484848565934967,1.9945817467488385,-0.5431560898755292
298,PLXS,1.2411625844493412,0.49246228673472614,1.006887014768662,0.0054382772328029905,1.1552162118299574,0.2113244819374187,0.8429332356763216,0.052669273779632375,0.8158691918639566,0.04101275049765141,1.2652091421340117,0.4733427803436663
299,POWI,1.7991530126156203,0.6397163313310219,1.2183867732889746,0.6340765613404533,1.8172406728075468,0.13290406459371784,1.4394949919516873,-0.21797773637575868,1.5349799468386325,0.15658620215687735,1.7366554487896662,-0.21963307577723135
300,PPC,0.7603103542842157,1.1312539998599935,0.9053234371645177,-0.3986948065550592,0.5226350752231683,0.46993685899038273,0.7460627183774168,-0.1555160289482409,0.5886105402038142,0.16218490487393544,0.12076919185217883,0.5985916927790957
301,PPH,0.8445298176093696,0.18177449783124522,0.7734517822588545,0.04380063631779341,0.5591436243066876,0.18209924190744098,0.5496865537789845,0.027693843295935494,0.5037205818800916,0.061233789186208254,0.3498450602100136,0.06090147019171721
302,PRDO,0.7960209660131292,0.5935595960190492,0.7481900539550028,-0.3259935235032708,0.9426376303339882,-0.06549532323246288,0.6135735445449537,0.15161560495918835,0.3581517855813741,0.23463440685767933,0.9232634661417674,0.4949042724292452
303,PRN,0.9965450311580536,0.34939681289470914,0.9840212815399253,0.33999325372517974,1.478784877025122,0.2703643543153118,1.0013597325158827,-0.23491955915084117,1.1231335831027736,0.38509656337688414,1.3652042484242637,0.3318675004069196
304,PRPH,-0.2309082698690863,-0.2354516936336919,0.142144990994307,3.984924941511447,1.1321478830730196,-0.29873121379111733,0.5490333125304233,0.41147392293799423,-0.0002820973003020618,-0.5276906770709182,0.06200182863468541,-0.844827595420456
305,PRTS,0.20328597715720534,1.185566827865478,0.9228586334514515,4.387931189518626,1.5575203477876154,-0.07496009435748019,1.8961822165099342,-0.46632562035988234,1.5808560386248929,-0.49520767247717357,0.906786453951751,-0.6861538520226111
306,PSEC,0.6787267777141199,0.13634359484816705,0.7369995172767015,-0.03067375779594883,0.6800611502711718,0.6736579609181432,0.7980185865645474,-0.09900068614942259,0.8641061469543164,-0.04673025149628007,0.5408748325639814,-0.19783501288319005
307,PSTV,2.505274203494232,-0.8481249968210856,1.2976325298465896,-0.21132074512025845,1.4969667148011248,-0.488151628493077,0.8861172158117431,-0.7064220135324923,1.1014261787478328,-0.6236559216969824,0.9233404329823275,-0.3783783992770118
308,PTC,1.5362337254794596,-0.08093258546887161,0.9285421347625146,0.564881469662893,1.604407041479704,0.03266204603472578,1.1808025123494668,-0.02390634543140535,0.9951827517574944,0.4622649768711067,1.0537212367315676,0.08913003821438426
309,PTF,1.4086032420428705,0.47434896432874085,1.0195687785561518,0.7951973117712554,1.954355112305989,0.20604573172423724,1.4920005990267253,-0.31985849223563845,1.5036366968372747,0.34544683314095614,2.0713710571987685,0.49397844862579543
310,PUI,0.2797430745577599,0.2340830080099381,0.9391221497969123,-0.05106834688602979,0.5366145702056078,0.17472287593576818,0.5714584600975416,-0.01457716136468623,0.6258827220840045,-0.03987366026837924,0.37913804994892913,0.22473692955643298
311,PXLW,0.8265962501023172,0.07098760920036673,1.0211536042700462,-0.2493506551412169,2.262063354033204,0.5669013690374651,1.54876734961741,-0.6152174007689795,1.5706495018549138,-0.2880434637071204,1.125797021985612,-0.40157480167140813
312,QCOM,1.2372539060721883,0.597530678583222,1.1585490740635278,0.7340096513168961,1.556319284029326,0.25318507454556394,1.522044706628537,-0.3968417671013822,1.4806148103315317,0.38526074922573206,1.9518870344336658,0.12407011452214078
313,QMCO,0.2831347364509736,2.6734693162593195,1.5003566395380796,-0.19556170280893992,1.9080170091307778,-0.14150943735733124,1.4141688824224492,-0.806737600644765,1.6637968021408551,-0.7033898353028728,-0.49871370177194035,8.141176191745753
314,QQQ,1.229514200190438,0.3814490254975196,0.9677658772624407,0.4561059677916812,1.2196531756404863,0.3005681826846873,1.28676205471066,-0.3321987656599752,1.2544312695950235,0.5590944854419022,1.3416148157193422,0.2883430156875828
315,QTEC,1.4942044376562027,0.4696168558592899,1.0711806308744916,0.3578748257846871,1.4991532587904184,0.2920054678142785,1.5650754659655746,-0.3980124645242247,1.5318379382473717,0.6812541746656338,1.6352615659854672,0.11550749300794116
316,QVCGA,1.3943736449808353,-0.5725929900840752,1.0241614848615466,1.1052378463022094,0.9494277165452233,-0.16231543759951206,1.8297860794775351,-0.7915601023017903,3.462635770174361,-0.45341614906832295,1.5857352697212048,-0.6206896551724138
317,RAIL,1.3913495584372553,-0.7142857237336468,0.9051853702395658,0.10697674831227366,2.1398248597943432,0.6622222264607747,1.041846776012713,-0.17948718732473945,0.3507635032857396,-0.14556962837108578,1.273039814962205,2.438661636891525
318,RBCAA,1.085573520622051,0.2089867190849679,1.2243217118863565,-0.20908185583030692,0.8071323400118606,0.459406870502139,0.4948196394761323,-0.1719641490992948,0.8486903732497858,0.39154885506289383,1.158221705749974,0.3119042262393146
319,RCAT,2.1494353906468167,-0.32083336230781223,1.5138086697893276,1.4545454446934474,1.729847898774666,-0.23105361095304677,0.8404930834267358,-0.5707762680112167,0.46606985950097696,-0.04555314112925457,0.3145437472495683,15.576470302792991
320,RCKY,0.8417465575269039,0.13405602878983847,1.2714710074032731,-0.011639729817198852,1.2366455099483704,0.45551774582002147,1.2844949660064136,-0.41154764301032376,1.7844185870236795,0.24615766248892457,1.5227420649946748,-0.21162118978020183
321,RFIL,0.46657857783297857,-0.06838465814575223,0.6600234919741892,-0.3022456013275763,0.964415777238449,0.5858586276992115,0.3966498821623848,-0.374695900302751,0.46615725288272736,-0.40508808563136645,0.5428818859277895,0.25242718221869564
322,RGEN,1.6857852608065007,0.7777133261939675,0.7042256751349942,1.016847961736202,1.0501793426158335,0.3688241160890826,1.547058996968642,-0.34365791918520094,1.5893286737907892,0.10987656204788765,1.328492748448465,-0.19789166744468423
323,RGLD,-0.22894372306210942,0.4700233438309074,0.4139366873660225,-0.09980354558400495,0.5892960063258899,-0.03954910883451379,0.5206251796469731,0.10225774608064708,0.41744794928567397,0.04872825356794275,0.7646320841305732,0.10769513590678637
324,RICK,1.097878387326471,-0.06384786636085116,1.6816661041844292,0.9476089204219278,1.8817194597178277,1.0993182239099872,1.2674662851686636,0.16697710350626394,1.1043027358337791,-0.2644674511527002,1.0860048721001132,-0.10318811709263231
325,RIGL,1.8460167217237355,-0.1101695059086184,1.1259217760212432,0.792079178004532,1.2498053461921865,-0.22766574501970394,1.342452345035005,-0.45255473690387615,1.4494597608542903,0.08208958304361325,2.0277070110930486,0.12808211527570657
326,ROCK,0.6757426516918318,0.41339685745070875,0.8380881096729538,0.4135960170200892,1.4112372239761521,-0.11380175345839127,1.1538268287934135,-0.31131793490553217,1.1807682871895568,0.7173298646325819,1.177823028349957,-0.2579992614722908
327,ROP,1.0185183857331983,0.34127935709834767,0.9705881377578284,0.16169621540383328,0.7512187857798018,0.1719711351708857,0.7837032094503671,-0.08500349587297173,0.7626200216450244,0.2623297182703863,0.8506522439749168,-0.021947637330907988
328,ROST,1.0283460533785789,0.404568603194549,1.1391311990053352,0.05167523529262641,1.2964145276075036,-0.01435903902798863,1.1306188850688168,0.039563272841515174,0.7947184047336616,0.20890333793168403,0.6480741991640906,0.1112721857163792
329,RYAAY,0.6230379285013715,0.21588524029461809,0.9709051849266827,0.25464937207104366,0.7711777728890002,-0.03047563110574414,1.017439350142829,-0.29763241377645566,0.9663612321774349,0.7895868210601211,0.5746046323982101,-0.1363958332980374
330,SAFT,0.8109580929537009,0.1860385821976347,0.8754265079809428,-0.12563647555749669,0.2745342913648313,0.13904620247599597,0.37273685452776106,0.035633350522309204,0.39173539654902767,-0.07817949043647143,0.42637664888567023,0.11488386576616705
331,SATS,0.7533771331141994,0.45638748547614516,0.8802322134766539,-0.5165470994616341,0.8398261617861819,0.257525050695558,0.7416659137781706,-0.37714712929437433,1.313226557012685,-0.01192610360644697,1.2182506506784825,0.4646721943353931
332,SAVA,0.42685045428207574,5.652173667977126,1.1466227939305076,-0.026388831307857075,3.187328114295499,5.173483711673458,1.0258831794768468,-0.3838130629592964,1.2374435034996059,-0.18912103590466967,1.4224467122784692,-0.8929527168956123
333,SBET,0.4824752408348221,-0.4395604169114896,0.25611720623784456,0.45871558562776094,1.9080668934401197,-0.2588235443713618,1.3165505778970752,-0.8872727249607896,1.444255189536001,-0.5588235211619867,0.6236061534025594,-0.5750000248352677
334,SBRA,0.5523462634196538,0.42911795085871485,1.4768668355454106,-0.08726796429435524,0.954082999590272,-0.1301477888958148,0.6182147129795456,-0.017228548463017135,0.9318465290850102,0.2445546093267441,0.4251151375980019,0.29839985671890235
335,SBUX,0.8134571846727368,0.384979519243867,1.1245927131912343,0.2104707908698411,0.9447279129808915,0.14608666572643814,1.0796448235084166,-0.12960558677262723,0.9415171963609186,-0.027825330791118263,0.7309909118722353,-0.0077655519132779904
336,SCSC,1.2341859132566686,0.06966611489203522,1.3477328366106,-0.29010327686447224,1.6147535045503056,0.32459761440735946,0.8046722902869549,-0.17898288316725985,0.9115983108120914,0.3418021678903549,1.379029421857739,0.1825476074301653
337,SCVL,1.2504040052326981,0.07571925014738845,1.5732919688972156,0.053321082996709235,1.3114042753209687,1.1632684745581945,1.3081571786390493,-0.40172060564894707,1.0268746174345715,0.3477256188138276,1.357988195681481,0.18524129793188782
338,SCWO,0.562051612559487,0.7999999523162842,-0.667250447650928,8.333333156726974,0.11593600613727895,2.3499999046325684,0.49361296269685295,0.07116103236849125,1.0033436342759496,-0.5103448341632711,2.145503915728616,-0.5533333460489909
339,SFBC,0.20275128661616018,0.08187703575180505,0.47383885170282747,-0.08511466478122443,0.015784143350663162,0.44660130267935605,0.05855585083092116,-0.09585777806906082,0.13721406271093692,0.013043670312406164,0.010044979122531064,0.36577128862761543
340,SFNC,1.1092346241039301,0.12445011500754366,1.2687969279757432,-0.17276278957767488,0.9605360456091718,0.4082958262370018,0.7064027077937564,-0.2619267746534366,1.593398899112625,-0.0391478019908853,0.9748427537666,0.17692296776777283
341,SGA,0.6097975788717171,-0.056563764030538644,1.164492448012793,-0.21627470844100816,0.6426640046119225,0.13847258535682805,0.014118076300822612,0.16646619556746334,0.4259161551980863,0.0596728598945917,0.1903113416379132,-0.46968269136804286
342,SGLY,0.6539077288649409,-0.44705882352941173,0.42235996446578195,-0.1191489037047041,1.0479669972129082,1.031674242120212,1.563918696444956,-0.9201520925645746,-0.2052513442865514,0.3500000238418579,0.8739426905687253,-0.7124999925494193
343,SHEN,0.9778470694362915,-0.08062641323497122,0.9240389887444785,0.042086425480980294,0.6775161753121153,-0.05167720300444034,0.8709934329452709,-0.38984178808096137,0.8515995624959488,0.32634078098607766,0.753285111737939,-0.4168870281490259
344,SHIP,1.230576008962135,-0.9307189411290778,1.11439772284322,-0.942129622966697,2.291628610772641,0.7254899943922271,0.6871026502110942,-0.36743533259734873,0.5893394834984703,0.6623886797390388,0.7074652348394146,-0.03691930859124681
345,SIMO,1.495840077560157,0.48638940231175476,0.789371966883736,-0.04066679444055965,1.4856393440369076,1.0379607140330607,0.5754872827454972,-0.3033323171043505,1.0318713716398231,-0.03683956715825576,1.5488911247819237,-0.05499174439171017
346,SKYW,1.284009747909481,0.4327353670344636,1.7640358449620364,-0.3739265411751167,1.3976457814086316,0.03848189119706791,1.1173745756098665,-0.5930490423201031,1.6286031898616207,2.177115020898411,1.4338531460418324,0.9491198041537767
347,SLNH,0.7225358026376502,0.0846103830862106,0.6218174778369095,5.7164179104477615,3.0291290893241767,1.1920000000000002,2.057900808527276,-0.9758812615955473,1.801813548481939,-0.4666666666666667,2.8918652735058403,-0.4671361833418627
348,SMCI,0.8828382154705782,0.5894040467054105,1.1204900552707289,0.28946256434678563,1.1958539579730743,0.4389693744618306,1.4394187144836328,0.7996493647519072,2.043254192969856,2.389697314723226,3.2142988841596605,0.07479419243914842
349,SMID,0.18352051576901363,-0.1843802309445829,0.2019410221843685,0.5491803208207353,0.9944394531900879,4.010752421332894,0.5921790325834881,-0.4405021740859615,0.649650049674968,0.9334311997045337,1.473833789426857,0.11404627381969412
350,SNBR,1.3854552549496404,0.5428393014022412,1.3746667790097116,0.7274624779293644,0.9973921020863257,-0.023185533683641957,1.5003811493366657,-0.6664955194692057,1.7905809551785012,-0.44101019450138657,1.4937030089399057,0.07383967447380746
351,SPNS,,,,,,,,,,,,
352,SSKN,0.9635872441807876,-0.24561403508771928,0.7344595441772099,-0.20634919033048904,0.800756787515858,-0.047619035261751486,0.32332272379493227,-0.45890411719481283,0.10525295232587117,-0.3125,-0.05551243583286483,-0.43269227771363905
353,SSYS,1.6225265838107445,0.056442993992867674,0.9944787637761919,0.02681236007409682,2.3327918299173116,0.20359575070897673,1.429127256674471,-0.5271132498901259,1.5139452796173662,0.197986547111751,1.3965369778287853,-0.36976579004437127
354,STAA,1.7492668161182714,0.13564773828062737,0.8355208183257092,1.2776658746336347,1.7644730803981408,0.14805738905818155,1.747933344333562,-0.4808556051815257,1.8240122546985371,-0.39102440810785066,1.31554601216782,-0.19004371697024502
355,STGW,0.657711140771923,0.014545440673828125,1.336793638519558,-0.09859154220139099,1.4709913827500276,2.613445364682236,1.1663504758403827,-0.25717699842404174,1.7001146731990886,0.05573246702857193,1.4490130141025348,-0.0075188255665883386
356,STRL,1.275784019689071,0.28904840342168736,1.1337258787859623,0.3123675049789889,1.605971844350791,0.46644298344756274,0.9549700003894966,0.21978430574777996,1.0148237475152428,1.6286995007365386,2.3251488095329798,1.0068306035478884
357,STRR,0.275301266601891,-0.18299317110792368,0.377137129457608,-0.10041839568355027,0.42011278259009766,1.7715929893772397,0.7121764681639067,-0.17378606553313003,0.2699694619884019,-0.34141158717515674,0.2918487811558079,-0.18314318368523086
358,STRT,0.3105737802654706,-0.24960179139198901,0.8994470685353926,1.125139449549887,0.5313224642485133,-0.23162306540923594,0.2673569814643313,-0.4717224053734471,0.5654569152210979,0.2153477069050136,0.8788844982545155,0.7287432289520801
359,TACT,0.20619580390002346,0.17020663062405128,0.603317006823285,-0.3614678640616833,0.39046829125231114,0.4375000910626541,0.6580098700362663,-0.4137290975684047,1.0537487478901058,0.09921261793741265,0.4493669137617503,-0.40287766773244915
360,TATT,-0.16500914850471196,-0.18211379970591168,0.42398606460380595,-0.09600000381469731,0.8608872695175437,0.36559134933325343,0.29401683044790505,-0.19939572774067205,0.3947828614864469,0.9670542478059945,0.7361372440847667,1.6079207086876326
361,TAYD,0.03286726734590515,-0.11166667938232422,0.32771891342610393,-0.085972831933676,0.30693292943172534,0.05507243225272984,0.0813042353828455,0.33114444498122175,0.07798714968540209,0.6664156329629203,1.4844395557656191,0.8662842542056364
362,TBBK,1.101915077685482,0.5776699467354363,1.5058675804105013,0.05275402120944994,1.51014951145218,0.8671585889983993,1.3008331538964812,0.10514014110220393,1.884421602848202,0.3146949019295695,1.1173279147497162,0.38806358624303017
363,TBRG,0.680702270006294,0.046878463516865754,0.9933233421102723,0.0326273572957807,0.5378094053762688,0.09750647004295043,0.6656428425024106,-0.08133648044793795,0.8009989116653945,-0.5859519362233367,0.5924545421413765,0.7806450705587125
364,TCBK,0.9123937800585923,0.23040296879941247,1.0787759482763113,-0.11117659850194617,0.9930831335596289,0.2470786793698183,0.5346276191292979,0.20814503222264102,1.3276147134914515,-0.11450521689942117,1.1198143633350404,0.039936916458900074
365,TCRT,1.6524090752140703,1.1674208144796379,1.242058423237845,-0.42640692640692646,1.1326198156717013,-0.6028368794326241,1.9033217631316959,-0.4444444444444444,1.238727129096349,-0.8888888888888888,0.11034574512727671,-0.8392592536078559
366,TER,1.626642248757822,1.182550924452503,1.2325765079675572,0.735256625165382,2.090601709216313,0.3777088063700551,1.646832758864763,-0.47181401605557594,1.6274335713946328,0.2684008875840791,2.3193137892003515,0.21428317961602472
367,THRM,1.3375952025383242,0.0959646059166106,1.0400425709007313,0.4048759870446432,1.3709524074965782,0.36400880566311233,1.2472034180504388,-0.2555301803025207,1.411973283581165,-0.2048595015392608,0.9814878716931048,-0.24112793856266634
368,TILE,1.3336266116289863,0.151044955418961,1.522138285240815,-0.37063076860321953,1.6314412245851357,0.6073392186537669,1.1813733543391343,-0.38988108023457657,1.2713463741862128,0.2666576470829194,1.3370644634547897,0.950895227308544
369,TLT,-0.4356398376458049,0.1464335153262133,-0.3035692943089747,0.1666249938718105,-0.15111780023733115,-0.04671033182640971,0.07674186153462018,-0.29380748846081983,0.1792392746022125,0.00843476969876722,0.06271462659363776,-0.07022259179103185
370,TOMZ,0.8005516596122157,0.0,-1.0322934071901302,4.0312500329843415,-0.10047719154524186,-0.6193693613872524,0.7503359222294974,-0.716763003390505,0.6324075725541818,0.8363635792219948,0.28095355554249235,-0.009708728874782357
371,TREE,1.3755621617651792,0.36342783706377024,1.0426756191956905,-0.10437835196523526,1.8129793276934294,-0.5544225111749992,2.038810641196705,-0.8311030186944631,3.1294022907503445,0.4037036647848966,1.8242208566918896,0.317919024910972
372,TROW,1.3546085055142774,0.362848337520737,1.1735381009566839,0.2322286338573727,1.3886022549799564,0.3934128623198776,1.4564530858826426,-0.41629921261323055,1.582504216745807,0.03267110867745093,1.160768437076877,0.10204275402191443
373,TSBK,0.7280905390057626,0.3014792099042496,1.596321423897399,-0.15695202046590118,0.5028185922780879,0.18169265292922798,0.14751175011536302,0.25284000483023594,0.5726976577094207,-0.04790370686194201,1.0302835278788287,0.0023642904742060544
374,TTGT,1.3906148536801572,1.121411115712149,0.8770956588907908,1.2406334371999739,2.1345354637441356,0.6362868683247627,1.2325666728288367,-0.5453513599389334,1.4039345674556098,-0.21645315137796828,0.8755974507688024,-0.41343065247918565
375,TTWO,1.0921362940889343,0.1763291602846928,0.6120294676112128,0.6902850836214875,0.6857061932712342,-0.10413675321704552,0.8966090148857452,-0.4169979458172457,1.1626746222634643,0.5609542817914004,0.7299326222067379,0.15873414323276136
376,UAL,1.0897561477964492,0.044903762955492255,1.5751435850796391,-0.5024514977851886,1.4415054284981639,0.06005284496412777,1.411847639111013,-0.1712464415936662,1.2803812581376999,0.10884169139231625,1.4300461996095348,1.4118368403815298
377,UCTT,2.0963152342493516,1.7142855573281297,1.369652513613215,0.36347898730767225,2.6288368161390596,0.6992904121610113,1.80285174480615,-0.4330425716813374,1.6828565994393054,0.031419968684906596,2.439592926921166,0.07780804692112464
378,UFPI,1.1220973611056957,0.8453573566076831,1.244383779174169,0.20444361598561156,1.3161367729525892,0.6788002054115219,1.0025600058226465,-0.1152507467325179,1.4647618977127779,0.5944322289014505,1.3475991428068634,-0.08211275354709391
379,UNB,1.0645395901896353,-0.2411666382314568,1.191995119188325,-0.24229261433593363,0.14019162999721724,0.17472231920797032,0.14618049057139776,-0.15920551313157572,0.6421012874182268,0.2999270549809472,0.4477879822642885,-0.02351237010663554
380,UONE,0.36410142269202117,-0.028571446736653683,0.9796290927493126,1.2397959526257427,0.7688590231381637,0.11538469297646348,1.1685553902366017,-0.044117616416790684,0.9786134512758986,-0.138888891153073,0.8289054916742222,-0.622549021899448
381,UPBD,0.5221429186902977,0.7705416183687772,1.2507435635014494,0.41913072248305605,1.2169411381437358,0.31216217806611146,1.3494742927550585,-0.5090103504967907,1.4116831957990013,0.6020428184015711,1.109375231740058,-0.11200363098551969
382,USLM,0.3973098349065441,0.3345570226700858,1.2492305119970768,0.3014124236695468,1.2303297834870486,0.10807952309746205,0.5739905293334491,0.08830731342646847,0.812513179165728,0.68824733898408,1.582290456408026,1.9348672837033005
383,VALU,0.9344348612357759,0.11896210484171799,1.329536063846843,0.20305003172671232,0.6627370167532594,0.5488741489564763,1.452502035001687,0.08541681013942037,0.27784798379934655,0.0077656662303764445,0.6503016491658645,0.17298946613041544
384,VCSH,-0.041974222449136844,0.06964796336352186,0.07484761761257953,0.05132273445299318,0.023607612733623544,-0.005532356553032858,0.08244777042024029,-0.054794800161220625,0.04903330976805103,0.06085562547153334,0.0389695850853526,0.051746181374209055
385,VIRC,0.5158405826555884,0.05925944508826175,0.23474717514370977,-0.42093017141506306,0.9433387200095227,0.2685951187058284,0.32185069271191624,0.4771241413729943,0.9671294831783497,1.5917500045324116,1.514143333947179,-0.08488001145262214
386,VOD,0.7229194367166529,0.034011032264799956,0.9375919503061478,-0.09101525371652475,0.7085079158240287,-0.046819071355174824,0.6294312885540696,-0.2962316908011251,0.6096263491550891,-0.06808428752235063,0.4686396140881879,0.028379351787573226
387,VRSK,0.7696069961662838,0.36753541620548225,0.9438864988165527,0.37033643715585574,0.7385644941942032,0.13107637075621703,0.8381573379547739,-0.19853009225407947,0.6616264307986792,0.3552940254193333,0.28512831601071326,0.1655917902827002
388,VRSN,1.1884657111587593,0.30163802445875354,0.9604434531349413,0.09032680656283132,0.7815833513627221,0.19070136044290042,1.0947071265111499,-0.18511751446441227,0.7953609580469182,0.020007871487861095,0.5528871520813331,0.017563125193871487
389,VSEC,1.39475189101927,0.22592590957250436,1.1414428138679293,0.06814950560204114,1.1023594610787086,0.6280527307157351,1.1382670089367488,-0.22820274884900493,1.2730199138971146,0.3976631033194762,1.4825033396845895,0.5360142987847807
390,VTRS,1.8745675891765772,-0.3040831644505688,0.7304203017229085,-0.12203418845913505,0.759248352791079,-0.25211152393010117,0.8215106895317279,-0.18393180713874457,0.8227680906006137,-0.001849974109593533,0.5508992194106641,0.13159079742305568
391,WDFC,0.6408743637216137,0.10715817839928965,0.5601901317043495,0.4000627722553236,0.3858065172054603,-0.04403223436622483,0.6107217600805334,-0.3271449711448472,0.8161597373428289,0.4919163225231691,0.5709147515462337,0.01675849664963791
392,WFCF,-0.12818631630774296,-0.14572858635676866,0.34252723533946633,-0.531250011882664,0.35348508485646674,0.10962474700604186,0.3179345484437559,-0.061155903253586774,0.08233537595254112,-0.007325965610992302,0.21155612277085362,-0.09044121039779862
393,WINA,0.6921664259259196,0.2578787457484164,0.7703243423385137,-0.04578828851105643,0.9206454100642449,0.3506186266559168,0.7091642816925733,-0.029441627023394923,0.8134121939358907,0.8115762738274261,1.0129507376038942,-0.011138563716715733
394,WRLD,1.3470221485827654,-0.18460963562105892,1.1901070879948201,0.12467991450458027,0.4208282756604882,1.319161060443641,1.547239167830637,-0.7124542109918106,1.8222196638200203,1.0041456208175528,1.3896328677972019,-0.13015082024002167
395,WSBC,0.8143498246752786,0.04402458806324505,1.1149471931609471,-0.16622158210327176,1.1268682552288656,0.21438706437071375,0.5870600613847777,0.07246741313910054,1.4323856137103563,-0.10842183509574577,0.8968484295083211,0.09305121328420629
396,WTW,0.93743476894066,0.3652935196503695,0.8725086857349679,0.023630679904850016,0.8160696105009303,0.17887250708210423,0.8175841924673203,0.05380524067011838,0.5262376556809518,-0.001602281386918536,0.2848695750275494,0.317980343372124
397,WVVI,0.15593469335110902,-0.023776234129575746,0.32325435868078345,-0.07988593456950921,0.076287263896866,0.43127970439410346,0.09401422998763521,-0.3446761783557377,-0.006434993062852808,-0.10217750052176533,0.07137127595557916,-0.36448595215424784
398,WYNN,1.8924144632836666,0.37874764151423523,1.5256972301142588,-0.2036798840114088,1.1714128304885092,-0.19410667977373564,1.3826285056801908,-0.060384954633547094,1.163341842471565,0.07259949704568425,0.813279231992435,-0.08275071276566581
399,XOMA,0.9571897660736737,1.0889222575072925,1.1094738545077265,0.6091040615775922,1.7438705285006568,-0.4668508361391125,0.755205293771616,-0.11410692282134782,0.22989880820811864,-0.008574482782447546,1.058015267256177,0.24892297342604008
400,XRAY,0.791248169044936,0.4988986655775973,0.9112973663664463,-0.08748039149785924,0.9221938502210898,0.053098084242914734,0.8082617300554275,-0.4322610529207713,1.0213761362554514,0.10551049181481842,0.6101027955841039,-0.46292652918395627
401,ZBRA,1.5943453925542372,0.6264080368422003,1.1477585512270263,0.4808596832126244,1.298092789599967,0.5802500999954481,1.4970108125217005,-0.560866598833569,1.680717986030351,0.0504610828180414,1.3004870768788792,0.43238297771059875
402,ZUMZ,1.4837668051812885,0.7308867294523294,0.8918590525579146,0.07421527626789448,1.5497309586004167,0.3537815349636231,1.4112646782334342,-0.5471776602548339,1.395550051602909,-0.07587460513074173,1.244622422027649,-0.0732310543929422
403,ZYXI,0.6861302619399633,1.7543259192544007,0.9738329068411513,0.7752525010718903,0.8393564110806291,-0.2629682145404846,1.086463327834325,0.5034664673822009,1.4029564628633504,-0.21541784916898754,0.8885029036120935,-0.27089074316798334
