portfolio,Ticker,momentum12mo_2019
central fast,ABTC,-0.1645193260654113
central fast,ABVC,-0.8786111089918348
central fast,ACB,-0.5645161174545263
central fast,ACET,-0.8271461670732453
central fast,ACTG,-0.10738252724652309
central fast,AHG,-0.6259999910990397
central fast,AIRT,0.23367354207514102
central fast,AIXC,-0.7183333333333333
central fast,AKRO,
central fast,ALDX,-0.30000002298010353
central fast,ALM,-0.30688935143286755
central fast,ALOT,-0.2545828345701405
central fast,ALRM,-0.1715827625689571
central fast,ALT,-0.08252425330423852
central fast,AMAT,0.898551685514595
central fast,ANDE,-0.1319877515378518
central fast,ANIX,-0.1675127097069884
central fast,AOSL,0.33660455803932043
central fast,APLS,1.3214557856978781
central fast,ASMB,-0.09549070857579467
central fast,ASRT,-0.6537396219455477
central fast,ATLC,1.4752747168173586
central fast,ATYR,-0.399481535709604
central fast,AVDL,1.926356749611692
central fast,AXSM,35.65248335360596
central fast,BEEM,-0.5220512977013221
central fast,BIIB,-0.013923973994546146
central fast,BITF,
central fast,BLRX,-0.6590909090909092
central fast,BMRA,0.7764705271869399
central fast,BOOM,
central fast,BRTX,-0.9944444444444445
central fast,BYRN,0.2666666507720947
central fast,CDTX,0.6340426181225067
central fast,CENT,-0.09811324623317386
central fast,CENTA,-0.060479965209960906
central fast,CGC,-0.21510984624002327
central fast,CLGN,0.35714287336180894
central fast,CLWT,-0.20701739654527773
central fast,COMM,-0.13422818128075154
central fast,CPRX,0.9531250436557466
central fast,CPSH,-0.17886180910464322
central fast,CRESY,-0.4205761009924899
central fast,CRMD,0.1286822364476592
central fast,CRNT,-0.4444444654690106
central fast,CRNX,-0.16338778445904534
central fast,CUE,2.3776597115398856
central fast,CVV,-0.09295772623623222
central fast,DDOG,
central fast,DHC,-0.21842032613583384
central fast,DUOT,-0.04400001253400532
central fast,ELTK,0.698113411646138
central fast,ELVA,0.5
central fast,ENPH,4.524312696701628
central fast,ESPR,0.2963043710459834
central fast,EVER,7.217703321718508
central fast,EVGN,-0.23232321237595732
central fast,EZPW,-0.11772313650280963
central fast,FGEN,-0.07324978392394121
central fast,FIVN,0.5
central fast,FKWL,0.05286345197716913
central fast,FLNT,-0.3055555678198856
central fast,FORTY,0.9440474603950237
central fast,FRPT,0.8373756353528969
central fast,GDC,-0.21568630058317495
central fast,GIFI,-0.2977838893362631
central fast,GWAV,-0.9152542372881356
central fast,HALO,0.21189332901887514
central fast,HBIO,-0.040880538274165934
central fast,HIND,-0.9082125603864735
central fast,HNRG,-0.3938747283677002
central fast,IBIO,-0.6666666666666667
central fast,ICUI,-0.18512393355266965
central fast,IFRX,-0.8911190499190439
central fast,INO,-0.17500003178914392
central fast,IPHA,
central fast,IROQ,0.15882226634152663
central fast,KALA,-0.245398773006135
central fast,KG,-0.5454545454545454
central fast,KLXE,-0.725373127821412
central fast,KMB,0.2457457695247185
central fast,KPTI,1.0458910106681243
central fast,KRRO,
central fast,LEGH,0.3948029307618075
central fast,LFMD,-0.14285709420028914
central fast,LINK,1.261905420293052
central fast,LIXT,-0.26881720797654574
central fast,MDWD,-0.23645317717503678
central fast,MGIC,0.30389230422341185
central fast,MGYR,0.004081575327180342
central fast,MLKN,0.4049864348443071
central fast,MOGO,0.10145928547279737
central fast,MRSN,0.40441176470588225
central fast,MRUS,0.005714280264718097
central fast,NAII,-0.1881993813826085
central fast,NMIH,0.8588235067838033
central fast,NNDM,-0.7720720824826874
central fast,NSPR,-0.8649999936421713
central fast,OLB,0.8518518518518519
central fast,OTLK,-0.8524999976158142
central fast,PACB,-0.3054054323994736
central fast,PAVM,0.24740126498852644
central fast,PEBK,0.3747514518640227
central fast,PERI,1.392307699361497
central fast,PETS,0.06522792925987342
central fast,PRPH,-0.2382476802182082
central fast,PRQR,-0.37198985962554443
central fast,PRTS,1.4175824003077957
central fast,PSIX,-0.14594593563595337
central fast,PSNL,
central fast,PSTV,-0.8344827586206897
central fast,PTGX,0.04754831660541825
central fast,PTON,
central fast,PXLW,0.3517241938738811
central fast,QMCO,2.709999847412109
central fast,QNST,-0.056685098494639985
central fast,QRVO,0.9138811828262616
central fast,RCAT,-0.5416666749450892
central fast,RNTX,-0.31785710960829183
central fast,ROCK,0.41725199242634137
central fast,RVYL,-0.7058823529411764
central fast,SAVA,5.117646662834205
central fast,SBET,-0.4147727260412263
central fast,SGBX,-0.9419963049425798
central fast,SGLY,-0.4155844155844156
central fast,SHIP,-0.9266666632126035
central fast,SLNO,0.7192982116951778
central fast,SNBR,0.551843756345556
central fast,SONM,
central fast,SPWH,0.8333332244664051
central fast,STIM,-0.7679586727337766
central fast,SURG,-0.21052631578947367
central fast,TILE,0.18465432686918515
central fast,TLSA,-0.2751677739633619
central fast,TNXP,-0.9468181818181818
central fast,TOMZ,-0.08333331781129005
central fast,TRMD,0.8419175481443602
central fast,TRVG,-0.534635885210911
central fast,TRVI,
central fast,UNIT,-0.4494384495670791
central fast,UONE,-0.03349276882140184
central fast,UXIN,-0.5349794238683128
central fast,VIR,
central fast,VIRC,0.06000000000000005
central fast,VKTX,0.048366059841005615
central fast,VMD,
central fast,VRCA,0.94969317664398
central fast,VRDN,-0.8415841652716514
central fast,VTRS,-0.2664233066923283
central fast,WKSP,-0.6333333333333333
central fast,WORX,-0.06757632782371059
central fast,WVE,-0.809229298689156
central fast,XBIO,-0.9268292713656965
central fast,XOMA,1.1581027715661203
central fast,Z,0.45471813608914413
central fast,ZVRA,-0.7870786437090109
central medium,ADEA,0.09954933261410748
central medium,ADP,0.3270774301293795
central medium,ADPT,
central medium,AGAE,-0.7410358650885194
central medium,AGIO,0.03556710839167199
central medium,AHCO,0.11698877186732548
central medium,ALGN,0.33237844770831826
central medium,ALNT,0.08875025427922156
central medium,ALNY,0.5796186035414788
central medium,ANAB,-0.7452578810663643
central medium,AQMS,-0.5851648351648351
central medium,ARCT,1.3995583624970647
central medium,ARQ,0.08348653905169234
central medium,ASPS,-0.14050688659722466
central medium,ATRO,-0.0821018041826369
central medium,BAND,0.5717792159940567
central medium,BCRX,-0.5724906842442126
central medium,BLDP,2.004183896731042
central medium,BNC,-0.05405403238139639
central medium,BNTC,-0.6599999920215482
central medium,BTCS,-0.8583333418242842
central medium,BYND,
central medium,CENN,-0.9813553244890642
central medium,CENX,0.02872777562117501
central medium,CHRW,-0.04709264592685869
central medium,CNXN,0.6807574626229564
central medium,COLL,0.1986022033931254
central medium,CREX,-0.3289473610828386
central medium,CRSP,1.1317815691237305
central medium,CRVO,-0.7688442211055276
central medium,CRWS,0.25545592886543544
central medium,CTRM,
central medium,CYPH,-0.4400000095367431
central medium,DLTR,0.04129764580975026
central medium,DNTH,1.659649185035076
central medium,DXLG,-0.41013828277101705
central medium,DXR,0.14634144355823797
central medium,ECPG,0.5046808770362368
central medium,EDIT,0.30153848836710173
central medium,EDRY,-0.09196739788357577
central medium,ENTX,-0.2983606103734596
central medium,FWRD,0.29003707635990494
central medium,GGAL,-0.4036479834811014
central medium,GIII,0.20114740572720424
central medium,GREE,-0.14280835109508716
central medium,HAIN,0.6368221719061129
central medium,HFBL,0.23652546779496864
central medium,HNNA,0.055526522607485695
central medium,HROW,0.3673110951792937
central medium,HURA,-0.7982456140350878
central medium,HURC,0.09220323823439402
central medium,HYPD,0.571929797791598
central medium,INTZ,0.4435696116197485
central medium,IOVA,2.127683515486916
central medium,IPM,-0.735555542839898
central medium,ITIC,-0.04390802844841213
central medium,KALU,0.27244360691460523
central medium,KALV,-0.0982278751421578
central medium,KELYA,0.11617288521089608
central medium,KHC,-0.21201953792381922
central medium,KOSS,-0.19371728336878713
central medium,KPRX,0.43655912033925737
central medium,LASR,0.14060741864187554
central medium,LOCO,-0.0019775690650244426
central medium,LOOP,0.2741312281637578
central medium,LX,0.9158620966444104
central medium,MCHX,0.42641503220989896
central medium,MNRO,0.14996889593838736
central medium,MRNA,0.28094295216589615
central medium,NAAS,-0.121859296482412
central medium,NISN,5.847697540905252
central medium,NIU,0.21857139042445595
central medium,NIXX,-0.628995416556832
central medium,NNBR,0.4137847146456817
central medium,NOTV,2.897637703627304
central medium,NTLA,0.07472531034938568
central medium,OCC,-0.14698161448553715
central medium,OCGN,-0.9015151590409902
central medium,OMCC,-0.2076923006385033
central medium,OMEX,-0.04204200291085469
central medium,OPRA,0.6636687322810781
central medium,ORMP,0.7166667050284938
central medium,OVBC,0.14519713091886932
central medium,OVID,0.7148760184019729
central medium,PAHC,-0.21309880173215157
central medium,PBYI,-0.5700245780846489
central medium,PCSA,-0.2857142857142857
central medium,PDFS,1.0035585739277444
central medium,POLA,-0.5072464013393073
central medium,PPBT,0.18181818181818188
central medium,PRTH,-0.6937499940395355
central medium,QCLS,-0.8820058997050148
central medium,QNRX,-0.7885714285714286
central medium,QURE,1.486467884140151
central medium,RDNW,-0.8464683950554432
central medium,RFIL,-0.058447895067683664
central medium,RGNX,-0.023361132882317004
central medium,RIGL,-0.06956523397694458
central medium,RNAC,-0.10526317299049115
central medium,RYAAY,0.2280627008714906
central medium,SFBC,0.1241796679508409
central medium,SGA,-0.04886939043404759
central medium,SHEN,-0.05214456505034115
central medium,SLGL,1.8488371731978361
central medium,SMCI,0.7405796802236713
central medium,SSYS,0.12326481316720805
central medium,STAA,0.1021622794460022
central medium,TATT,-0.17886177033739525
central medium,TBBK,0.6293970106623423
central medium,TBRG,0.06782098167578177
central medium,TCRT,1.5240641711229945
central medium,TECX,0.20900897832327914
central medium,TREE,0.38197382301556515
central medium,TRUP,0.4713275896116771
central medium,TTGT,1.1375921621561882
central medium,UFPI,0.8559970290937982
central medium,UOKA,
central medium,VIOT,0.03999723978778613
central medium,VIVS,-0.6249999834431538
central medium,VNOM,0.00658132134662015
central medium,VSTM,-0.6011904750641601
central medium,VUZI,-0.5821205791321187
central medium,WFCF,-0.13567838283798428
central medium,XBIT,2.674212632414438
central medium,XWIN,-0.19565217391304346
central medium,XXII,-0.5582329317269077
central medium,ZBRA,0.6042203686200787
central medium,ZKIN,-0.09154929518344923
central medium,ZYXI,1.6768705455175823
central slow,AACG,0.47826085829779896
central slow,AAOI,-0.23007129750633026
central slow,ACIW,0.3693530641552254
central slow,ADBE,0.4577881433465536
central slow,ADI,0.4130951269519292
central slow,AFYA,
central slow,AGPU,-0.5783521809369951
central slow,AIHS,-0.8241469816272966
central slow,AMBA,0.7312750762094298
central slow,AMRX,-0.6437545996460339
central slow,AMSF,0.24478577388091827
central slow,AMZN,0.23027749504206452
central slow,AREC,-0.9370000004768372
central slow,ASYS,0.5805738445462516
central slow,AVGO,0.2905164718969673
central slow,AZN,0.3567929922331239
central slow,BANX,0.2383998115076349
central slow,BATRK,0.18682208276038792
central slow,BCYC,
central slow,BDRX,-0.5554838709677419
central slow,BELFB,0.13093589813616346
central slow,BHF,0.28707349512505953
central slow,BIOX,-0.4986097378958174
central slow,BKR,0.23014189087358927
central slow,BSET,-0.14063313873011274
central slow,BTAI,2.7849741071857075
central slow,BVFL,0.18965522622994002
central slow,CCOI,0.5197598734830369
central slow,CCRN,0.5852660309011299
central slow,CDXS,-0.042515027508077674
central slow,CELH,0.39193045407595695
central slow,CFFI,0.07016808667773389
central slow,CGBD,0.2162126075671773
central slow,CHMG,0.05271323945586848
central slow,CLNE,0.36046504374772925
central slow,CNOB,0.41533599815962563
central slow,CODA,0.4381442678153362
central slow,CODX,-0.39932886077865737
central slow,CPRT,0.9033069226617614
central slow,CTRN,0.15457688695923122
central slow,CVGW,0.2578987324294566
central slow,CVLT,-0.24454223600652003
central slow,DOCU,0.8490518269619898
central slow,DRIO,7.453607801448946
central slow,DSGX,0.6145125736520609
central slow,DTSS,-0.24691358024691357
central slow,DXPE,0.42995693804227386
central slow,EDAP,1.3945944709443472
central slow,EGBN,0.00760539922379766
central slow,ENTA,-0.127770758404667
central slow,ESCA,-0.10177603649475997
central slow,ETON,0.1764705790688741
central slow,EXC,0.04275557125284313
central slow,EXTR,0.20819672143962298
central slow,FCA,0.1872469517258155
central slow,FITB,0.35200214496898075
central slow,FLWS,0.1856092021855129
central slow,FTAI,0.480520247121639
central slow,FTDR,0.7820367185748371
central slow,FTEK,-0.20168072067321385
central slow,GLDD,0.7114803805996133
central slow,GLRE,0.17285380404869044
central slow,GMAB,0.35538691390998367
central slow,GNOM,
central slow,GNSS,0.29761904987167975
central slow,GRCE,1.9518071793100167
central slow,HAS,0.33406076329771683
central slow,HCSG,-0.37756472926259776
central slow,HIMX,-0.22448976681166655
central slow,HQY,0.24174346689143422
central slow,IBKR,-0.14011543038057306
central slow,ICLN,0.4436492617926653
central slow,IMMR,-0.17075892140201465
central slow,IMTE,0.42105271238563735
central slow,INCY,0.3731718742773207
central slow,IRTC,-0.020005857108299274
central slow,JBLU,0.16562888766298123
central slow,JOYY,-0.11810889076464437
central slow,KINS,-0.5473683791231496
central slow,KRMD,2.9575759419177654
central slow,KRNT,0.8285256836423758
central slow,KRUS,
central slow,LBTYA,0.06560454127435267
central slow,LDWY,-0.5100671156281157
central slow,LFWD,-0.5034482920617342
central slow,LGIH,0.5623617783878594
central slow,LGO,-0.628019346595825
central slow,LTRX,0.20748295347739987
central slow,LWLG,-0.014084494035883521
central slow,MAAS,
central slow,MBAI,-0.19999996451444402
central slow,MELI,0.9530134557662904
central slow,MEOH,-0.17074921535183063
central slow,MOMO,0.43236195517842857
central slow,MRVL,0.6574125182653299
central slow,NBN,0.31690189337449404
central slow,NCMI,0.23317859198095725
central slow,NFTY,0.00576724676667606
central slow,NVEC,-0.1393300203130473
central slow,NWSA,0.26424047190486477
central slow,NXST,0.5192593506804846
central slow,OFLX,1.0693092393272328
central slow,PCAR,0.4504682751674234
central slow,PENG,0.2774409983871666
central slow,PLMR,
central slow,POWW,-0.671096341304514
central slow,PPC,1.1096068666151089
central slow,PRDO,0.6103325676805214
central slow,PTC,-0.09662246066099267
central slow,PYPL,0.28635993722686015
central slow,QCOM,0.607640950921317
central slow,QNCX,
central slow,QVCGA,-0.5681352724940308
central slow,RARE,-0.017709302342924227
central slow,RCKY,0.15409094966783
central slow,RGLD,0.44265747254330967
central slow,RNRG,0.3703422339347253
central slow,RRBI,
central slow,SATS,0.45546141096131265
central slow,SKYE,-0.6725
central slow,SLE,
central slow,SLNH,0.0980006472857291
central slow,SMPL,0.5100529889717906
central slow,SPFI,
central slow,SPNS,1.1105254844006023
central slow,STGW,0.06513413146620217
central slow,STRT,-0.21044360221711322
central slow,TACT,0.26421851394567586
central slow,TBCH,-0.3377715833131727
central slow,THRM,0.1103051500226564
central slow,TLPH,-0.08658008515031679
central slow,TOUR,-0.48148149276450636
central slow,UCTT,1.770956147984578
central slow,UNB,-0.21518997325426426
central slow,UPBD,0.7986676570466948
central slow,VALU,0.15089344775201452
central slow,VNET,-0.16087966297327605
central slow,VRA,0.3768962206453026
central slow,VRRM,0.43340158227854286
central slow,VRSK,0.37917602513682636
central slow,VSEC,0.2855870423625
central slow,VTGN,-0.53999998304579
central slow,XENE,1.0776544810715674
central slow,ZTEK,-0.06666669978035689
central slow,ZUMZ,0.8017736451780346
peripheral fast,ACWX,0.21051741344023278
peripheral fast,AGNG,0.25243977677073537
peripheral fast,AIA,0.2221273847166163
peripheral fast,AROW,0.2541251329834995
peripheral fast,BATRA,0.1888532070414659
peripheral fast,BCBP,0.37746372517782256
peripheral fast,BNDX,0.07866178414694192
peripheral fast,CALM,0.02089369975981481
peripheral fast,CARZ,0.11369886954011732
peripheral fast,CDL,0.26373981036168215
peripheral fast,COLB,0.1641476370487127
peripheral fast,COMT,0.10815178283858651
peripheral fast,CPB,0.5519279554468353
peripheral fast,CYRX,0.4922936974576668
peripheral fast,DENN,0.22640347215129641
peripheral fast,DGRW,0.2954206379943405
peripheral fast,DRH,0.2976692333779407
peripheral fast,ENSG,0.25530476932138724
peripheral fast,ENZL,0.3008744077140282
peripheral fast,ERIC,0.0017085096904574382
peripheral fast,ERII,0.4546805251273698
peripheral fast,ESPO,0.4235439305237807
peripheral fast,EVO,0.29048453836131416
peripheral fast,FCBC,0.014243956106234856
peripheral fast,FER,0.562648119585099
peripheral fast,FEX,0.26926671214927644
peripheral fast,FHB,0.3326072975806793
peripheral fast,FIEE,-0.21333333333333337
peripheral fast,FJP,0.07725265724453778
peripheral fast,FKU,0.3290205659360197
peripheral fast,FNY,0.325375609075899
peripheral fast,FORM,0.8431511023500322
peripheral fast,FTGC,0.06399592288165179
peripheral fast,FYT,0.257962692813388
peripheral fast,GECC,0.12303973359623277
peripheral fast,GLPI,0.42879940883210876
peripheral fast,GSHD,0.6398917113842422
peripheral fast,HBAN,0.3174245058017411
peripheral fast,HBNC,0.2369428346800273
peripheral fast,IBRX,2.2672414404387724
peripheral fast,IDN,2.4999997214736362
peripheral fast,IFGL,0.20650492810105803
peripheral fast,IVAL,0.21260337988778977
peripheral fast,JBHT,0.2677045631286543
peripheral fast,KRNY,0.09902813752411577
peripheral fast,KTCC,-0.03716814771722865
peripheral fast,LAZR,
peripheral fast,LFVN,0.18347247646242915
peripheral fast,LOAN,0.21900281663254106
peripheral fast,LPRO,0.08102563711313104
peripheral fast,LULU,0.9050242332555776
peripheral fast,MANH,0.8822280389529489
peripheral fast,MASI,0.472105741970146
peripheral fast,MDB,0.5716503936918917
peripheral fast,MKTX,0.8066241935553595
peripheral fast,MU,0.6949257486741716
peripheral fast,NRIM,0.20597217792111788
peripheral fast,NTRA,1.4133236772670483
peripheral fast,NTRS,0.30585752970950786
peripheral fast,NXTG,0.2957676606274324
peripheral fast,OCFC,0.16699742193430955
peripheral fast,OCSL,0.38741535548428496
peripheral fast,PEY,0.2476395943555103
peripheral fast,PRN,0.34522054465899643
peripheral fast,PRPO,-0.11255412720925262
peripheral fast,PSCI,0.2980244788932378
peripheral fast,PSCM,0.2175140682165202
peripheral fast,PSCU,0.09671033312448207
peripheral fast,PSEC,0.13827831721945616
peripheral fast,PTF,0.4670590988374723
peripheral fast,PUI,0.20948218708066735
peripheral fast,RFDI,0.2046965001983474
peripheral fast,RICK,-0.07543397464691803
peripheral fast,RNEM,0.12756365419379811
peripheral fast,RPAY,0.47979799828569814
peripheral fast,SBRA,0.41142132345077775
peripheral fast,SNSR,0.4790352596556091
peripheral fast,UIVM,0.1528789354260367
peripheral fast,UPWK,-0.4108227655058697
peripheral fast,USLM,0.3503383997016243
peripheral fast,VOD,0.0570619013589313
peripheral fast,VONG,0.3605619747678679
peripheral fast,VSDA,0.31397653746997634
peripheral fast,WDFC,0.07417407085555339
peripheral fast,WING,0.34986369174796517
peripheral fast,WTW,0.34809795837463264
peripheral fast,WYNN,0.4499494600936387
peripheral medium,AEHL,-0.5555555555555556
peripheral medium,AMCX,-0.280247827419429
peripheral medium,AMSC,-0.2959641100268209
peripheral medium,ARCC,0.31297119237373305
peripheral medium,ARTW,-0.11500000953674316
peripheral medium,ASTE,0.40905800075720355
peripheral medium,ATLO,0.14321101336140796
peripheral medium,BILI,0.2762166308771894
peripheral medium,BND,0.08833926559897698
peripheral medium,BWFG,0.023327770057716357
peripheral medium,CACC,0.15865982621864072
peripheral medium,CBRL,0.009221665671731216
peripheral medium,CDNA,-0.14200476457824374
peripheral medium,CHGX,0.3307359031816246
peripheral medium,CHI,0.35984575644637573
peripheral medium,CLBK,0.10791370675743428
peripheral medium,CMCO,0.33647608054201017
peripheral medium,COLM,0.20334716471526826
peripheral medium,COST,0.4570069244213997
peripheral medium,CSCO,0.1381261176459294
peripheral medium,CSQ,0.3887099764860824
peripheral medium,CTAS,0.617327875012698
peripheral medium,CVBF,0.10191343172794709
peripheral medium,EBMT,0.3240633282474399
peripheral medium,ECOW,
peripheral medium,EEFT,0.5389724729977328
peripheral medium,EMCB,0.13430758804652898
peripheral medium,EVRG,0.1837988717946737
peripheral medium,EWBC,0.14342997598797425
peripheral medium,FCVT,0.22304550738107842
peripheral medium,FDTS,0.1869662003320598
peripheral medium,FGM,0.20765973163095808
peripheral medium,FGNX,0.3731343283582089
peripheral medium,FID,0.2081454579329458
peripheral medium,FIXD,0.09287295705450482
peripheral medium,FLN,0.27192275477779226
peripheral medium,FMB,0.08262704462351822
peripheral medium,FNX,0.26967869233837516
peripheral medium,FOXA,
peripheral medium,FSFG,0.3059410681517998
peripheral medium,FTXH,0.2213603467454892
peripheral medium,FYC,0.167918802814351
peripheral medium,GAIA,-0.228764475299144
peripheral medium,GCBC,-0.06142859273945833
peripheral medium,GNTX,0.4629480899013647
peripheral medium,HBT,
peripheral medium,HERZ,0.4715441478514264
peripheral medium,HGBL,1.177777877854715
peripheral medium,HNDL,0.1752308034788539
peripheral medium,HST,0.1664639789973965
peripheral medium,HTBK,0.17608556201316716
peripheral medium,HTLD,0.1549357485112024
peripheral medium,HURN,0.33931006395323804
peripheral medium,HYLS,0.146613694122681
peripheral medium,ICCC,-0.2695035523352778
peripheral medium,IEUS,0.2971878026290986
peripheral medium,ILLR,
peripheral medium,ISBA,0.12682634942645743
peripheral medium,ISHP,0.19743329611066973
peripheral medium,KBWB,0.3590410389183134
peripheral medium,KBWD,0.20733798541473059
peripheral medium,KRMA,0.30074071468012287
peripheral medium,LFUS,0.1273648288538154
peripheral medium,LVHD,0.22915008029746753
peripheral medium,MBUU,0.17672418565255055
peripheral medium,MCRI,0.2729418133046242
peripheral medium,MDLZ,0.40423833923094654
peripheral medium,MNKD,0.21698116178230942
peripheral medium,MNSB,0.3481828436380521
peripheral medium,MNST,0.291141764749284
peripheral medium,MPB,0.29178592529223835
peripheral medium,NDSN,0.3787948261764018
peripheral medium,NWBI,0.023580183670976362
peripheral medium,NWE,0.24501030602020912
peripheral medium,NZAC,0.2824079100456378
peripheral medium,ODFL,0.5435635390299294
peripheral medium,ORKA,-0.0387206507915232
peripheral medium,OSBC,0.039324595434578
peripheral medium,OSW,0.6823176743880792
peripheral medium,OVLY,0.079008578320241
peripheral medium,OXLC,-0.00978202215189894
peripheral medium,PDBC,0.11439982016827499
peripheral medium,PENN,0.35740836800342124
peripheral medium,PEP,0.27375946726172495
peripheral medium,PFIS,0.1781644731030827
peripheral medium,PGJ,0.32157633167403654
peripheral medium,PHO,0.3757159205061724
peripheral medium,PPH,0.19392285066756365
peripheral medium,PSCH,0.2017110524191874
peripheral medium,PTNQ,0.24001014456623193
peripheral medium,QQQ,0.38961567281803755
peripheral medium,QTEC,0.48220854445200545
peripheral medium,RBCAA,0.2371124451796185
peripheral medium,RGEN,0.7538869369768488
peripheral medium,RMNI,-0.24660193347742143
peripheral medium,ROAD,0.9105323878817047
peripheral medium,ROST,0.4133888973976916
peripheral medium,SAFT,0.17217710020766996
peripheral medium,SBUX,0.39085268764675174
peripheral medium,SCVL,0.12392172491438957
peripheral medium,SIMO,0.5183827499456606
peripheral medium,SQQQ,-0.6591922811027324
peripheral medium,STRR,-0.11481482894332318
peripheral medium,TAYD,-0.13711001924887423
peripheral medium,TCBK,0.23386575845633084
peripheral medium,TLT,0.14118462248357333
peripheral medium,TTWO,0.18933356714133853
peripheral medium,UAL,0.052072050712464124
peripheral medium,USTB,0.05101133003765068
peripheral medium,VCSH,0.07020198110050857
peripheral medium,VRSN,0.29934580470422323
peripheral medium,VSMV,0.26790966141938144
peripheral medium,VTHR,0.3081643429609513
peripheral medium,WHF,0.20829306542414305
peripheral medium,WINA,0.25376069709140037
peripheral medium,WVVI,0.0058055098154059515
peripheral medium,XRAY,0.5314322643073246
peripheral medium,YLDE,0.3245885793834322
peripheral slow,AAPL,0.8895787497006418
peripheral slow,ACGL,0.6051647031922405
peripheral slow,ACIC,-0.22767084575966134
peripheral slow,ACNT,-0.22182039007406118
peripheral slow,ACWI,0.2658966082580385
peripheral slow,AEC,-0.4
peripheral slow,AGNC,0.13306242355154563
peripheral slow,AIFU,0.23457563501084056
peripheral slow,ALRS,0.21986750326839521
peripheral slow,AMGN,0.2760110079724931
peripheral slow,AMKR,0.9817070136348369
peripheral slow,AMTX,0.36738054767536976
peripheral slow,APRE,
peripheral slow,ARKR,0.28682656576245225
peripheral slow,ARTL,
peripheral slow,ASRV,0.06638570125999843
peripheral slow,ATOS,0.5392157131626758
peripheral slow,AVAV,-0.09139066296802889
peripheral slow,AVBH,0.1785714285714286
peripheral slow,AWRE,-0.06925207957474577
peripheral slow,BANF,0.27926383066120364
peripheral slow,BANR,0.08975464674965195
peripheral slow,BGRN,0.09702803481562872
peripheral slow,BHRB,-0.21479696123691394
peripheral slow,BLMN,0.2583739414951989
peripheral slow,CAC,0.3179421834486411
peripheral slow,CASY,0.25115604355528753
peripheral slow,CCEC,0.020686954581336847
peripheral slow,CDC,0.19645532153592504
peripheral slow,CDNS,0.5952162221845354
peripheral slow,CME,0.09666100978333159
peripheral slow,CPSS,0.11960129443070833
peripheral slow,CRAI,0.30417082170444365
peripheral slow,CRIS,1.4637680818893863
peripheral slow,CWST,0.6156545857876752
peripheral slow,CXDO,1.125000105374852
peripheral slow,CZFS,0.14089290260316822
peripheral slow,DRS,1.011627991626293
peripheral slow,DSGR,0.6487341090246501
peripheral slow,DWSH,-0.2526585840484957
peripheral slow,DYAI,1.7407406706588535
peripheral slow,EMXC,0.1579410950838569
peripheral slow,ERIE,0.27075317257287757
peripheral slow,FAD,0.2666450171109831
peripheral slow,FANG,0.009166733689690787
peripheral slow,FBNC,0.24003970021246324
peripheral slow,FNK,0.20563880523392486
peripheral slow,FPA,0.08911673786165153
peripheral slow,FRAF,0.26801870634513913
peripheral slow,FRSX,-0.37311634339172883
peripheral slow,FSCS,0.27994241447833557
peripheral slow,FTXL,0.6177644498021393
peripheral slow,GBLI,-0.1536743492298137
peripheral slow,GLDI,0.14392877936139503
peripheral slow,HLNE,0.6425273404823084
peripheral slow,HTHT,0.3995806600888385
peripheral slow,IGIB,0.1459737689770122
peripheral slow,ILPT,0.2150751048159405
peripheral slow,INDY,0.09991000912147063
peripheral slow,INOD,-0.24000000953674316
peripheral slow,IPKW,0.20254827556911414
peripheral slow,JKHY,0.16440609372274118
peripheral slow,KBWY,0.23363207464659563
peripheral slow,KDP,0.15426109231179108
peripheral slow,KIDS,0.347190373839227
peripheral slow,KMDA,0.3659998873811787
peripheral slow,LAUR,0.15551194632208487
peripheral slow,LKQ,0.5044248627487637
peripheral slow,LMFA,-0.3432203672928301
peripheral slow,MGNX,-0.1433070647368403
peripheral slow,MSEX,0.2112403405348786
peripheral slow,NECB,0.09719226198416542
peripheral slow,NICE,0.43378611227386354
peripheral slow,NSIT,0.7249079979270514
peripheral slow,NWS,0.27444220699332655
peripheral slow,OCUL,-0.0075376812175881325
peripheral slow,OXSQ,-0.043176993773840655
peripheral slow,PAA,-0.022815397936177928
peripheral slow,PAYX,0.34526347109837086
peripheral slow,PCYO,0.2678751022822876
peripheral slow,PIE,0.26112951023073405
peripheral slow,PLAB,0.6280991458703933
peripheral slow,PLCE,-0.2865343706502814
peripheral slow,PLXS,0.506264676651395
peripheral slow,POWI,0.6363865323462536
peripheral slow,QAT,-0.004389834018957206
peripheral slow,RAIL,-0.6905829722663956
peripheral slow,RCEL,7.125000138367927
peripheral slow,RDVY,0.37708917906710226
peripheral slow,RMR,-0.11652121145005068
peripheral slow,ROP,0.33663868764389826
peripheral slow,SCSC,0.07475275203547604
peripheral slow,SCWO,0.7999999523162842
peripheral slow,SFNC,0.13897770420030153
peripheral slow,SKYW,0.4653828033502232
peripheral slow,SMID,-0.18983226262057706
peripheral slow,SSKN,-0.2000000293438251
peripheral slow,STNE,1.163232008370819
peripheral slow,STRL,0.2929292451619858
peripheral slow,TER,1.1892895885456536
peripheral slow,TROW,0.35609658990499726
peripheral slow,TSBK,0.3726281646760117
peripheral slow,USOI,0.33579056279479813
peripheral slow,VNQI,0.21596468059057727
peripheral slow,VS,-0.13533375874590758
peripheral slow,WRLD,-0.1550948589774418
peripheral slow,WSBC,0.06537381038636636
